{"epoch_losses": [-81.79374982070922, -167.8056882324219, -194.3935115966797, -216.9789094848633, -238.5950933227539, -259.89115893554685, -280.5905205078125, -298.82340100097656, -320.66549169921876, -343.04432080078124, -362.35237536621094, -385.0387023925781, -404.4071336669922, -423.4211356201172, -442.1276739501953], "correlations": [-0.0907452481815845, 0.038605952640998774, -0.06084570710056853, -0.12364455871194716, -0.09086810634262715, 0.030956637630281135, 0.07910474193454874, -0.05729999456211621, -0.0582295683678152, -0.0617394895076705, -0.022518091116644632, 0.061135675778079004, 0.05739930775838033, 0.09969077185769248, 0.11738931689697504]}