{"epoch_losses": [-14.927527054548264, -20.406484466552733, -28.960458709716796, -36.19666856384277, -49.73442764282227, -51.27467547607422, -60.350554229736325, -69.21804928588867, -84.43777551269531, -86.39225610351562, -90.90952038574218, -24.75972674560547, -0.21770452880859376, -0.2285205078125, -0.33206475830078125], "correlations": [0.037940402885657455, -0.0365690265511567, -0.0981069342295612, -0.08277104232997322, -0.03897938183206393, -0.01485006022571213, -0.0061390465093954, 0.03496929590140005, 0.08462817973702216, 0.08437397331656736, 0.08438795258541058, 0.176726302299028, 0.14114644238133367, 0.011559805447101184, -0.08990416665293999]}