{"epoch_losses": [-8.275565370321274, -5.884193069458008, -15.420580654144286, -54.3159341583252, -61.87451840209961, -82.24949743652344, -88.6739501953125, -99.10162982177734, -112.08104541015625, -113.70734033203125, -119.67347308349609, -140.47306134033204, -148.60854022216796, -156.0668601074219, -165.81130657958985], "correlations": [0.2998000139320747, 0.10045405173765103, -0.06250338931408476, 0.13678788626190772, 0.11936134516821947, -0.03993150291668307, -0.03675258349768655, 0.0035138137284100503, 0.1809962887184162, 0.19922349604324346, 0.18643159560621891, 0.2008429947265451, 0.20708985432386398, 0.16227628463516433, 0.16997904652919418]}