{"epoch_losses": [-79.73068065834046, -172.3988095397949, -199.9097230834961, -226.31919421386718, -212.13720233154297, -174.6834837036133, -171.76652813720702, -189.7527874145508, -207.40550103759765, -226.13490948486327, -271.3579349975586, -196.21100274658204, -179.22660778808594, -183.62984814453125, -194.9551553955078], "correlations": [-0.057553759427381196, -0.10541897634632844, 0.2569603935962306, 0.14455080988613977, 0.1853071694120906, 0.14586541971503217, 0.06709755973570095, 0.20441460207217316, 0.2225749319751636, 0.09982414857063814, 0.10302108744903615, 0.1427383858748695, 0.11492249789895356, 0.02726093458451873, 0.055104228586962734]}