{"epoch_losses": [-34.95369899368286, -97.29397775268555, -119.74462945556641, -135.13971105957032, -149.74975524902345, -163.93590966796876, -177.92628204345704, -191.74788159179687, -205.2990010986328, -218.61072985839843, -231.75310363769532, -247.6961007080078, -263.82098669433594, -273.3441965332031, -285.88847497558595, -298.29422998046874, -310.5569620361328, -330.6995030517578, -329.74896423339845, -350.3733359375, -362.1203363037109, -373.8466229248047, -385.95773999023436, -393.0647834472656, -394.44576611328125, -390.3126652832031, -385.2376799316406, -400.6553266601563, -410.9064406738281, -426.7097119140625], "correlations": [-0.4282605265712209, 0.21797364183130202, 0.12152619167798454, 0.03415903609391995, 0.0760981034320684, 0.15011445483006544, 0.15338011986553876, 0.17161265579634527, 0.17078389570160538, 0.1828704905225991, 0.18588227323076273, 0.19458202574797454, 0.20656160882936098, 0.21607738837771287, 0.2140084829242572, 0.20705780071677996, 0.22938887169875843, 0.2399258431327891, 0.18736788789561903, 0.24319519902712317, 0.27335512913370846, 0.27448479820838945, 0.2725688889784523, 0.2734224350059321, 0.2778390723744993, 0.2850121519521113, 0.2561361000779345, 0.23906150259063264, 0.23918240360379167, 0.23014985529781207]}