{"epoch_losses": [-35.22454554462433, -97.62158978271485, -118.72859399414062, -89.17089001464844, -5.68641259765625, -0.42008599853515627, -0.40389276123046874, -0.3243635864257812, -0.2832794189453125, -0.2765020751953125, -0.2970452880859375, -0.3453577880859375, -0.4278948974609375, -0.582572998046875, -0.86037158203125, -1.1842257080078125, -1.538611328125, -2.224203369140625, -2.6052288818359375, -3.41563623046875, -4.560669555664062, -6.457666870117188, -9.57866357421875, -19.605045532226562, -62.325453063964844, -96.09413359069825, -195.33631146240234, -262.82191796875, -265.01801309204103, -360.25444079589846], "correlations": [-0.04398860613510901, 0.20171227831216879, -0.1393764729547716, 0.028969839281701833, -0.031122764460292, -0.07748864793898484, -0.0575151940089246, -0.08678180754093566, -0.11292140896758446, -0.13897849654927247, -0.12603536251422584, -0.11506090909266223, -0.09947520029215262, -0.08451745971683294, -0.07390442740934199, -0.059194277951090835, -0.03781313726440535, -0.019119802267648252, 0.017771895049570628, 0.03895049894806439, 0.05278377079831558, 0.03661397169701701, 0.042506975701733854, 0.035359626293473854, 0.04685206873249328, 0.02789692172292082, 0.06317161149067735, 0.03849156222541786, 0.02387378251780656, 0.06941185118052731]}