{"epoch_losses": [-15.43074657201767, -23.995447128295897, -0.5274658508300781, -22.01394769859314, -0.7392410583496094, -0.055604827880859374, 0.07426922607421875, 0.054394622802734376, -0.025012176513671876, -0.15848248291015626, -0.27924212646484375, -0.4064913330078125, -0.55566259765625, -0.7248430786132812, -0.9088496704101563], "correlations": [0.018248627783779964, 0.1581203393639788, 0.03408083161677759, 0.252693067951168, 0.06964020827209819, -0.14793525483051578, -0.30875413023970355, -0.353706685359485, -0.37145486697751035, -0.37034253891374513, -0.3930738606243334, -0.40807369339995186, -0.39960337515022604, -0.3847400294633489, -0.3669289734026942]}