{"epoch_losses": [-26.17935186100006, -99.61438320922852, -74.32321856689452, -27.53392736816406, -31.382612426757813, -33.39258587646484, -122.26477026367188, -83.98307489013672, -97.397119140625, -84.15900439453125, -113.1646937866211, -159.56238482666015, -122.25323254394532, -127.5815682373047, -85.33978454589844, -84.72097985839844, -97.85213061523437, -136.03166528320313, -159.8914952392578, -140.39381579589843, -141.57386401367188, -131.33798742675782, -148.548208984375, -167.4459069824219, -167.0920185546875, -154.48553552246094, -186.80548779296876, -186.3428348388672, -184.25417541503907, -195.43786804199217], "correlations": [-0.29017569385086384, 0.03339154024098897, -0.0251924764680497, -0.0036769831387889066, -0.02035637553693701, 0.012312011681518879, -0.04607005843738925, -0.0227843819782901, 0.0008653989499188492, 0.026725750369918914, -0.032404244219307946, -0.0983314751405389, -0.09996843328338063, -0.0419125044654039, -0.031615042997301744, -0.04879101755295686, -0.3555489617794487, -0.35575891585786507, -0.24165807799087807, -0.03604771871412329, -0.06374678363419031, -0.09030514333284805, -0.11767053357268861, -0.1371621520011316, -0.1770626942076941, -0.2200033848219524, -0.21955315946061577, -0.2327360975536989, -0.2289026740704047, -0.25688807788020857]}