{"epoch_losses": [-23.692609826087953, -89.96650973510742, -99.82052221679687, -88.33923760986328, -80.1557817993164, -127.15074047851563, -142.92918621826172, -164.30660052490234, -187.03360314941406, -212.43670935058594, -164.37358630371094, -194.7075551147461, -235.60045056152345, -223.44505822753905, -223.47720458984375, -201.16492309570313, -97.99398229980468, -77.56680432128907, -110.16435266113281, -126.01211193847656, -115.36804760742187, -116.61226538085937, -81.29617077636719, -48.25706481933594, -20.638208740234376, -14.763326293945312, -37.6661767578125, -41.5884931640625, -42.54602734375, -42.36161376953125], "correlations": [0.12770037759378283, 0.11954083383813899, -0.2539674982809723, -0.20946857856601245, 0.04090990754074092, 0.1373155345347233, 0.12594406901625535, 0.11785158891290445, 0.11406353023420776, 0.1123491955571481, 0.11432585606673969, 0.07399861104147064, 0.02051057890099518, -0.05373922646362584, -0.09604384457222835, -0.13511853135010335, -0.09974902859125682, -0.052440403930792454, -0.05970044991161259, -0.03727669450693962, -0.03594416709230774, -0.006574428565599154, 0.023930310623879986, -0.09035995139466525, -0.05561674442292369, -0.054062522335698124, -0.00558446266559974, 0.08086093876613568, 0.04378205095614419, 0.04905667487826061]}