{"epoch_losses": [-33.81077888679504, -86.52615438842773, -82.61551434326172, -103.3543397216797, -90.1913295288086, -99.78809503173828, -109.14325366210937, -117.81296319580078, -126.03894750976562, -134.2631756591797, -142.52239819335938, -153.5561376953125, -168.0376552734375, -162.79139599609374, -185.33411682128906, -160.6349617919922, -155.88039489746095, -197.84662548828126, -184.95248791503906, -167.57216149902345, -173.48504284667968, -214.7674716796875, -271.3234916992188, -288.9061716308594, -264.3055258789062, -267.3786516113281, -294.72844311523437, -287.322697265625, -310.7471223144531, -331.4268696289063], "correlations": [-0.01145680272649302, -0.1918880856066307, 0.0634312386363332, 0.08124518671355349, 0.02677531045943476, -0.2933034535366267, -0.24975414995046327, -0.2006105303019753, -0.19575778917482298, -0.18666151552265592, -0.19227091126663426, -0.1866603652337704, -0.18728373145497892, -0.14597645510521023, -0.13716944661473895, -0.23309283495552108, -0.2934817354125754, -0.1379988715430991, 0.05108973126149395, -0.02050356537138466, 0.03937770887573388, -0.04518478888098792, -0.054367187550455824, -0.04837999309682758, -0.08354636400256824, -0.12017370209379775, -0.08641664102648694, -0.08747548252890588, -0.16907498013810193, -0.19382997017001066]}