{"epoch_losses": [-67.66698747348785, -144.6133576965332, -176.81801422119142, -216.17631518554688, -245.64294775390624, -263.33522106933594, -275.7701577148438, -284.04188098144533, -292.4982761230469, -296.80778979492186, -292.72266943359375, -320.7260466308594, -312.43074938964844, -337.7198304443359, -338.13327429199217], "correlations": [0.2560004614017782, 0.1830157598552704, 0.0017077127788930303, 0.11204844617327797, 0.09588160286311746, 0.17189813572177925, 0.22549367019396965, 0.07352239883832697, -0.01594325214794823, 0.08610767457562814, 0.1436773608779089, 0.1194210675810078, 0.06335465988257946, 0.039916518155616115, 0.02388573212936959]}