{"epoch_losses": [-68.43078581333161, -64.87440042114258, -144.1777388305664, -128.99811328125, -126.94863073730468, -135.20851751708983, -145.43935363769532, -165.7051971435547, -161.0924393310547, -164.24647521972656, -174.10636010742186, -178.01290209960936, -191.48485632324218, -224.2692642211914, -235.90343688964845], "correlations": [-0.017939975986312636, 0.04957718321072615, -0.134348769935578, -0.06776410682838664, 0.08865808090105826, 0.042406729007531785, 0.09182427419370616, 0.05301863644820757, 0.0475909950013704, 0.032689814074545354, -0.08859269787769164, -0.026351081196794638, 0.06608543720025963, 0.032426605215774514, 0.04758085283935716]}