{"epoch_losses": [-71.21473197937011, -152.55929663085936, -183.97242950439454, -208.0163314819336, -229.69088256835937, -250.77558044433593, -266.71211462402346, -301.3956749267578, -322.0044664306641, -342.37996557617186, -365.0680010986328, -388.05602709960937, -411.0612447509766, -427.31755334472655, -449.9454184570312], "correlations": [-0.11782996734670943, -0.0164387385817545, 0.051016161130105354, 0.04883278598630478, 0.26659543801007723, 0.33996379750598077, 0.3274208981767689, 0.29853068744416494, 0.25906733359664147, 0.2452272176993385, 0.22652099266831144, 0.21865396152669841, 0.20972565386692263, 0.23132758202261902, 0.2051857345218633]}