{"epoch_losses": [-74.00941719818115, -159.7752840576172, -181.26988006591796, -202.41332476806642, -232.75176361083984, -256.1672650146484, -277.287916015625, -302.98037133789063, -329.14370861816406, -344.28190185546873, -364.3002768554687, -384.0174322509766, -403.4562993164063, -432.9734609375, -445.34701196289063], "correlations": [-0.13506484936356136, 0.07437615149657095, 0.13634326134660013, 0.2102949061797696, 0.15382134823113375, 0.22613475123808677, 0.20807176933561472, 0.21272925759363667, 0.20781000752006307, 0.1835467336529708, 0.21799828655269918, 0.16343423027557344, 0.14937037438870893, 0.13364957005947783, 0.1291205948225701]}