{"epoch_losses": [-64.07849915409088, -151.95856188964845, -174.17124896240233, -198.2162720336914, -199.77232568359375, -147.93593072509765, -212.20652990722655, -232.4429860229492, -242.98850366210937, -260.4314935913086, -293.06978869628904, -352.27554974365233, -311.29746228027346, -368.0008974609375, -394.47440991210937], "correlations": [-0.030119546966596855, 0.06835371088527488, 0.1372482445510237, 0.16536989056874715, 0.2543353403473905, 0.09815638042827196, 0.0977912569700515, 0.19869050344673744, 0.2761336796990074, 0.30653286855443895, 0.31131598987517656, 0.036065359583730014, -0.05549941077512321, -0.0735879866202829, -0.05288166568341122]}