{"epoch_losses": [2.5879991703033447, -2.1909546661376953, -46.417888221740725, -106.9548904724121, -139.37127435302733, -161.94874011230468, -141.54402270507813, -176.03018701171874, -205.39130670166017, -193.44283514404296, -177.32241833496093, -236.81812939453124, -226.88605688476562, -254.27150952148438, -314.52778845214846, -325.32665307617185, -338.66985522460936, -363.2376480712891, -376.2963621826172, -364.57914721679685, -370.96160559082034, -383.3480091552734, -423.7357255859375, -432.90453125, -436.01710375976563, -466.2222092285156, -491.60714892578125, -511.91284497070313, -541.5090081787109, -555.2415366210937], "correlations": [-0.28790479634389693, 0.18238231963988616, 0.2547026360631553, 0.0037929520744470193, 0.13207065890140873, 0.20321462652771397, 0.21311830221074182, 0.1042783586102783, 0.18838422861809206, 0.2129949054043469, 0.16427319707907187, 0.08794395517948247, 0.1589576463946078, 0.17908225958209295, 0.1780509012510112, 0.17158619405904246, 0.19543664513965045, 0.15823012134679934, 0.11946340387053767, 0.029677093166390788, -0.01519602780322411, -0.055603034727709305, -0.0471751649443812, -0.01854540311207364, -0.008048152905057464, -0.060679273299267686, -0.04534842955066839, 0.013915643129604614, 0.0454313753410496, 0.07176746656686775]}