{"epoch_losses": [-1.9844961743354796, 0.15160148620605468, 0.02537750244140625, -0.30885675048828126, -0.6833221740722656, 0.7123692932128907, 0.061366424560546876, -0.09417999267578125, -0.3214737854003906, -1.1282039184570312, -3.676778594970703, -16.590896156311036, -60.44433065032959, -65.34417784118652, 4.004466979980469], "correlations": [0.31141328503310844, 0.1971750576571542, -0.1315826776186646, 0.03827608577054457, -0.019635206896469734, -0.22300826671212576, -0.11007678921214364, -0.11292259558913054, -0.37000270113500017, -0.41652670362680844, -0.4201382367579807, -0.28564280510434814, -0.4091654808861124, -0.006920360199639317, -0.36023700845731865]}