{"epoch_losses": [-99.4494974269867, -180.98269702148437, -202.85849615478514, -182.17496295166015, -242.23534228515626, -148.9702262573242, -224.5618338623047, -265.026007019043, -262.0677502441406, -260.5719157714844, -284.9516983642578, -303.69532165527346, -318.63928491210936, -336.67665625, -355.13375390625], "correlations": [-0.018913277153824057, 0.051802531992715686, 0.06212374075855729, -0.02069084495717876, -0.013814624582126286, -0.046748288283251595, 0.06754064990273886, 0.013455965787498471, -0.08166111057082043, -0.08785367079866399, -0.015192097686494491, 0.019890094989554005, 0.026421785669139646, 0.018155222094991933, 0.0387934324649246]}