{"epoch_losses": [-85.27691931152344, -152.45712728881836, -187.3442388305664, -214.37358612060547, -238.26373358154297, -195.80169891357423, -272.71977941894534, -289.77958203125, -307.86397509765624, -324.5411522216797, -349.38475036621094, -370.9025546875, -379.4998553466797, -397.4960734863281, -418.65496264648436], "correlations": [0.07591941728563181, -0.07497709654484845, 0.14172741732820587, 0.12022882997977904, 0.14785647868931873, 0.1763083553777878, 0.19686630120285895, 0.050721996866025326, -0.01226015032383848, 0.016298147388079803, 0.09466377403999547, 0.18113384087727416, 0.26174662515452857, 0.29384144428327086, 0.29945236393601815]}