{"epoch_losses": [-81.65316614151001, -141.80042572021483, -177.54380099487304, -214.3590210571289, -228.26052819824218, -236.56323376464843, -255.5098233642578, -272.01778833007813, -293.73218969726565, -319.7506290283203, -338.3157216796875, -334.9589822998047, -355.4081650390625, -376.2877985839844, -398.1601237792969], "correlations": [-0.1963135232501254, 0.06322694763759475, 0.1887567177259, 0.14357970926656743, 0.13391899295698637, 0.1988969124448404, 0.17135399801645237, 0.15991675263139454, 0.15351505220791986, 0.14050601514779332, 0.03820642838043799, -0.007771219452667621, -0.05226979832334768, -0.2214038455875279, -0.2501605534067255]}