{"epoch_losses": [-135.24688817071916, -260.81863134765626, -341.7679870605469, -468.72932238769533, -739.7588942871093, -674.8020732421875, -739.9929057617187, -859.6762666015625, -734.709783203125, -943.7956884765625, -1013.9651806640625, -974.8943310546875, -1027.134224609375, -1122.741654296875, -1148.0921044921874, -1110.766185546875, -1197.4803916015626, -1240.655701171875, -1367.523607421875, -1375.5023779296876, -1516.009791015625, -1782.1562939453124, -1854.339794921875, -1849.76698828125, -1607.065353515625, -1423.0998837890625, -1442.5870302734374, -1610.7950244140625, -2046.6481396484376, -2245.0796025390623], "correlations": [0.2426949950175124, 0.10908810887154716, 0.31074252614318787, 0.1522319191748619, 0.08974097958584257, 0.14828000503143987, 0.0603968631783474, 0.09683759696980968, -0.07005485314728684, -0.06585659228879177, 0.06289752506869296, 0.07828170094050008, 0.31941077765027465, 0.47387721887189704, 0.45523131008113465, 0.3154078406906823, -0.1086994742162142, -0.10630596025915792, -0.10259924047591439, -0.11866544059134362, -0.13282178150495305, -0.1439753346369384, -0.14252359185376065, -0.036850059715229186, 0.03927497621285882, 0.1939877489962408, 0.14805735761863995, 0.13305450935091342, 0.12792847592869727, 0.13890852679475318]}