{"epoch_losses": [-74.02074964571, -156.3614617614746, -186.28934497070313, -212.26922857666017, -234.54730529785155, -255.7820029296875, -276.8539053955078, -297.5213485107422, -320.33888012695314, -340.3295274658203, -360.1724625244141, -382.4597833251953, -400.8200294189453, -420.5891619873047, -439.3189965820313], "correlations": [0.04591693964655138, -0.06673525955884803, -0.0846252985900879, 0.2931754635767155, 0.26241994240704736, 0.2247170034945361, 0.23385394933707124, 0.23117591839304502, 0.16835043170062106, 0.048792823409800457, 0.01915944106398596, -0.03954268531767666, -0.1012870797124085, -0.09720574354360417, -0.07262997099814841]}