{"epoch_losses": [-16.208541675329208, -46.11086135864258, -51.3393687133789, -62.871752349853516, -67.93296969604492, -73.39518621826171, -67.1191153564453, -86.55327398681641, -76.00871508789062, -69.84353186035156, -106.8590068359375, -121.52336895751954, -114.27526452636718, -107.44750598144532, -126.53701306152344], "correlations": [0.0011551696358105704, 0.24578324659457193, 0.20180619490512056, 0.15688741537286002, 0.2338733481007766, 0.242412081665193, 0.2582819477960913, 0.19012860996517675, 0.20733827609839603, -0.01380919744392525, 0.24631514991840886, 0.166451718767635, 0.23188614094848692, 0.2042071756951434, 0.19572936451203043]}