{"epoch_losses": [-65.03744249629975, -167.7209381713867, -192.40668933105468, -222.0088167114258, -251.14064196777343, -273.9440236816406, -296.51851318359377, -320.8654326171875, -342.5220224609375, -363.6709111328125, -375.5668953857422, -407.5796787109375, -420.8706505126953, -440.70272619628906, -460.1738662109375], "correlations": [0.0019403397406515502, -0.08218439603354336, 0.27687640956161613, 0.23650922264790944, 0.12019006822504963, 0.16243566782935062, 0.1713426402949398, 0.15281369561911082, 0.1388393803574135, 0.12048003868650309, 0.13166252582407972, 0.19193718855304423, 0.2518175178865146, 0.24675158251808668, 0.25494681277433623]}