{"epoch_losses": [-16.27732301902771, -95.08340356445312, -121.47095306396484, -140.82136846923828, -156.36674945068359, -163.00279681396484, -181.15185400390624, -195.1464912109375, -208.4245789794922, -212.99503076171874, -173.1929034423828, -225.7421103515625, -263.18372595214845, -268.95606640625, -281.26619067382813, -289.8742186279297, -313.1693095703125, -325.4248504638672, -337.5374405517578, -353.9066884765625, -374.734453125, -396.27569555664064, -413.8280054931641, -415.91504663085936, -418.5280598144531, -430.3067890625, -442.05534130859377, -459.18983154296876, -466.0189685058594, -476.84008471679687], "correlations": [-0.26914211913405467, 0.13698404881569146, -0.010846129225006008, -0.05712584329776537, -0.05134802283503929, -0.018729694818571545, 0.12460601369857334, 0.21297955234004717, 0.18858359993673995, 0.17221675389626634, 0.13650183952800707, 0.09911507515573696, 0.12161516747650525, 0.12161997814530981, 0.14943866323944527, 0.14272583897974245, 0.14532714224473778, 0.18217701197669986, 0.18397949113656403, 0.18161898556240272, 0.1942316333112285, 0.1949864982737899, 0.20347920572460618, 0.2207234367478548, 0.21946453836186436, 0.22520612565997034, 0.22192426345779528, 0.23934508975934676, 0.2358022613949964, 0.24891257614975248]}