{"epoch_losses": [-5.581574557065964, -40.05930000305176, -57.5224762878418, -67.35163537597656, -52.70548239135742, -2.9706458740234374, 0.5720138549804688, -0.07281036376953125, -0.1844705810546875, -0.37377349853515623, -0.770821533203125, -1.3719715576171876, -2.5564306640625, -6.238701477050781, -62.72866372680664], "correlations": [-0.02072498426436085, -0.05844402369676066, 0.08648436234632155, 0.17179252131522474, 0.14400414002802683, 0.13001498786474125, 0.002931764378184837, -0.04764363534496901, 0.19441409895060757, 0.2048288700459611, 0.17513616733156925, 0.16624122797457652, 0.1335655059460627, 0.10679874163752288, 0.06400041929244389]}