{"epoch_losses": [0.15252691793441772, -0.7192877388000488, -1.5443763427734376, -22.99903439331055, -8.528597900390626, -0.7239867248535157, -3.2618340759277342, -64.51125549316406, -94.7381720275879, -93.08965924072265, -89.73834606933593, -101.89077099609375, -126.64660217285156, -119.01148571777344, -143.24519470214844], "correlations": [-0.2015634708914141, 0.11307616870815945, -0.03847508700198169, -0.07945023582992441, -0.1088179975329033, 0.07379936769801405, 0.07217150138386387, 0.048812769397620845, 0.1833289007005968, 0.1952018415869719, 0.13586479117654213, 0.13441149965847377, 0.12738794853850646, 0.09623078951049109, 0.11290834684847785]}