{"epoch_losses": [0.3845935206413269, -8.579053826332093, -36.50205423927307, -55.4133440246582, -69.72316998291015, -66.7284073791504, -4.498748962402344, 1.0290831298828125, -0.24187109375, 2.3269264526367186, 1.737668701171875, 9.94385272216797, 11.488769104003905, -4.07648193359375, -4.515965957641601], "correlations": [0.02592835233977415, 0.05822850896124843, 0.20990551136722868, 0.08816192184372106, 0.09242232325095383, 0.15498695486516376, 0.18901941647262316, -0.07259925093727043, 0.0016687705777402291, 0.27158805551869064, 0.21618309106833636, 0.20129327335399616, 0.195320183486396, 0.23275346220452442, 0.21469623513054922]}