{"epoch_losses": [-61.586865369319916, -156.5499998474121, -189.7638151855469, -215.12120794677733, -237.6549473876953, -259.75995617675784, -281.2183232421875, -307.2546905517578, -336.1121689453125, -360.09449438476565, -378.07352001953126, -398.5249870605469, -418.6784537353516, -438.5222470703125, -458.09821728515624], "correlations": [-0.14651307670460592, -0.05871759223296852, -0.013399655078289935, -0.024326207702054757, -0.01883217214869613, -0.045313395338824475, -0.08037851138095688, -0.06530752267582103, -0.058902872179547434, -0.07039846458968915, -0.09114556463315251, -0.06976641952069848, -0.058867945237416536, -0.062099731686690585, -0.06245763908741008]}