{"epoch_losses": [-85.86325916290284, -0.4977901611328125, -4.7141005859375, -10.77717254638672, -44.63996490478516, -15.642410217285157, -11.189080627441406, -8.710633605957032, -14.978343627929688, -26.95145965576172, -41.597346801757816, -61.52038278198242, -93.66948571777344, -163.0964970149994, -213.84643649291993], "correlations": [-0.12354177371616663, 0.21281476080733147, 0.020815259626474097, 0.045007113752977335, -0.01620295088516137, 0.31701093218056264, -0.07256890842712468, -0.057752451051195676, -0.09262609768411918, -0.06758946784023975, -0.01246821508127025, -0.038985022262657355, -0.002919281363175007, -0.01880390756553719, 0.03508859849412874]}