{"epoch_losses": [-2.413580393791199, 0.031933380126953126, -0.4211196594238281, -1.2002879028320312, 0.30180519104003906, -0.47642535400390623, -0.2252887725830078, 1.1780093688964843, -3.5814632568359377, -1.5801298065185547, -4.865982376098633, -11.68913818359375, -10.262268249511719, -15.566101623535156, -21.498509216308594], "correlations": [-0.060810792008545916, -0.035203346347932506, 0.01180345916383557, -0.13132232350249945, -0.09084625345076969, -0.09266527886613982, -0.09531829183553679, -0.03726640768110402, -0.08969911966432212, 0.010141534735825379, 0.024239248062086362, -0.033335294816960036, -0.03829990124795576, -0.1771876329243419, -0.20002905734861057]}