{"epoch_losses": [-1.144950977087021, -40.48720044708252, -31.89463864135742, -61.31396243286133, -68.65229574584961, -75.77984197998047, -82.85264013671875, -89.84898736572265, -69.36806079101562, -60.12284930419922, -71.08856884765625, -70.60671618652344, -69.44962615966797, -78.73826708984375, -82.95723107910156], "correlations": [0.12356416038958701, -0.0018311534521460256, 0.07933744983877263, 0.012903142676573562, 0.15062897786441717, 0.19281242504212734, 0.19784479263857857, 0.18992023289028728, 0.1963434485949883, -0.07080235698244541, -0.07042859638600607, -0.042794152397887086, 0.010550229240086936, -0.04401669616583493, -0.1333303778198921]}