{"epoch_losses": [-87.59456392383575, -163.05689471435548, -193.26759759521485, -216.1856015625, -238.50205920410156, -262.27294067382815, -274.4890946044922, -304.49899279785154, -322.4509162597656, -347.951603515625, -371.0843363037109, -391.09148962402344, -410.8116168212891, -433.7372158203125, -453.1306395263672], "correlations": [0.027818378831146358, 0.2558257717067416, -0.07743543815000485, 0.03420206417165217, -0.09724926639198074, -0.0865616827331911, 0.017168655560324007, 0.0022031717813131026, 0.004936447901573379, 0.030203192262911828, 0.10170655862304456, 0.1408322854556236, 0.1293926049934029, 0.13271880140869602, 0.15865315082271314]}