{"epoch_losses": [-1.850508746623993, 0.046480819702148436, 5.379772727966309, 0.7118594284057618, 1.8120415267944336, 0.17585272598266602, 0.03654594612121582, 0.04431358814239502, 0.05706414270401001, 0.03668742322921753, 0.013466484069824218, -4.455280303955078e-05, -0.007633638381958008, -0.006203847885131836, -0.006381490707397461], "correlations": [0.005871355608224905, -0.053087249442947126, 0.12388724707063482, 0.14335191723631452, -0.2955530234312202, -0.18444222506927024, -0.1504003378107468, 0.03744628329801147, 0.058600452406683864, 0.016512977872368856, -0.011080584872183639, -0.03344653372192822, -0.09475879296556819, -0.05268022443843118, -0.020518516211976104]}