{"epoch_losses": [-28.650893880844116, -81.05397958374023, -95.75891461181641, -64.70341424560547, -34.37553259277344, -18.994707092285157, -20.710146362304688, -32.64365460205078, -0.6175464477539062, -0.6224183349609375, -0.8581873779296875, -1.160272705078125, -1.5081494140625, -1.931694091796875, -2.428934814453125, -2.9885457763671877, -3.62076025390625, -4.4803828125, -5.595129272460937, -6.676602416992187, -8.533307983398437, -10.79959228515625, -14.25375457763672, -20.032261169433593, -31.208978637695314, -58.742312110900876, -104.79132305908203, -130.30141069030762, -175.19506748962402, -228.73167388916016], "correlations": [0.1286018477268408, 0.02736669264563912, -0.09292379248933223, 0.043108120110094794, -0.3016804359404961, -0.30691557815009324, -0.3304807908181954, -0.3447484196270816, -0.30508343133853205, -0.2974210261943948, -0.28835223619915357, -0.26826896904397146, -0.2515449768854272, -0.2358137574004814, -0.18272668183066254, -0.1375981491540146, -0.08900738006035279, -0.06806817222983065, -0.06263751142133624, -0.05604076873480262, -0.06402657826446091, -0.07094850595871631, -0.08040348970008046, -0.09606469558922363, -0.12303708415624134, -0.17296396732857203, -0.1694576842919311, -0.24133317777256152, -0.24299736287258192, -0.18409037422662441]}