{"epoch_losses": [-42.758590454101565, -105.47025012207031, -115.36398059082032, -131.42752044677735, -150.0993416748047, -164.22293395996093, -177.75568896484376, -191.07060107421876, -206.71750366210938, -214.101166015625, -229.39304809570314, -244.88185681152345, -257.1987202148438, -283.3820974121094, -310.41294458007815], "correlations": [-0.12227271200022291, 0.061752537105170216, 0.1395929655288062, 0.12120027092928767, 0.13207259240391694, 0.1437203436739789, 0.1533531532682226, 0.14782884133451585, 0.13486843273917462, 0.10820878469379565, 0.09121754082533234, 0.0972840734843737, 0.09668610357751131, 0.08673080967135936, 0.10082033531683537]}