{"epoch_losses": [-84.68123080158233, -159.13957431030275, 11.838700500488281, 0.36844415283203125, -3.6693780517578123, -2.019998107910156, 0.5698876953125, 0.63427197265625, 0.5715383911132812, 0.5071142578125, 0.279570068359375, -0.0548831787109375, -0.5233572998046875, -1.085537841796875, -2.61205126953125], "correlations": [-0.07621905731113772, 0.06398325149933762, 0.048817045284831405, 0.014511498501589738, 0.04883346422358998, 0.045580557512313595, 0.04870599938491182, 0.04582348095223456, 0.07693075401776729, 0.039375806162565, 0.049139580676657406, 0.06101903250131575, 0.09343410879688879, 0.10467213205340592, 0.11244283141783917]}