{"epoch_losses": [-23.94902605652809, -86.52983084106445, -113.615265625, -131.73017657470703, -144.79833160400392, -159.08487548828126, -173.14684027099608, -193.58004357910156, -207.62022973632813, -224.00378100585937, -240.46694970703126, -254.16488903808593, -267.6905615234375, -280.9900985107422, -294.10640966796876, -307.0556396484375, -319.8554822998047, -332.517509765625, -345.05068823242186, -357.4643344726563, -369.7702568359375, -381.97659521484377, -394.0927685546875, -406.127478515625, -418.11651708984374, -450.5255065917969, -452.40172509765625, -464.6140981445312, -476.6274797363281, -494.1708933105469], "correlations": [-0.016112463435590745, 0.07173757384118176, -0.05194921999158616, -0.03171097680806242, 0.05209263783876037, 0.08312305770066016, 0.08563330495651912, 0.12948895245671682, 0.14310597272724343, 0.14879773364726942, 0.16977464859338798, 0.1420589751530761, 0.13483260007916195, 0.13417358805027718, 0.12214788821605428, 0.13229641069989861, 0.1494413095747544, 0.14364433033575696, 0.1497814063636245, 0.15487928583586935, 0.14717264331060106, 0.11739662703102524, 0.14573944087291932, 0.13810776750658268, 0.13429558302246367, 0.15913495694968754, 0.14783123130319667, 0.15008917944465566, 0.15933213835829763, 0.16030192129055407]}