{"epoch_losses": [-51.481526229858396, -21.49078402709961, -131.04036221313476, -151.7902954711914, -181.08270211791992, -190.79081829833984, -132.7384242553711, -115.46096081542969, -236.72656036376952, -259.5726157226562, -259.8821796875, -271.606806640625, -294.9181103515625, -304.12722674560547, -320.02014501953124], "correlations": [0.12433585415875163, 0.12499155356969927, -0.01167318500269534, -0.0577784035590327, -0.04656756824651772, -0.07843984614426106, -0.08087321151577047, -0.1284640014736378, -0.05121138971683468, 0.09437064877673658, 0.16561767121627385, 0.13656316086166626, 0.11768847207974555, 0.08971557710825394, 0.08795961027807118]}