{"epoch_losses": [0.11452947688102723, -0.1795679702758789, -3.0953186702728273, 2.4550335998535155, 2.1511780700683594, 1.5691447143554687, -0.023241897583007813, -0.06712458801269532, -0.47299966430664064, -3.6291661629676817, -18.446068932533265, -40.844654022216794, -50.29390707397461, -57.61946301269531, -82.05023316955567], "correlations": [0.2668597155088074, 0.09618155949641595, 0.1262016302410512, -0.08127404422013819, -0.1778084255064078, -0.22035257594972615, -0.14202872135561498, -0.20071583792672504, -0.10705575006239708, -0.14336361433609626, -0.12586005950491583, -0.06992352724669575, -0.07023641574855136, -0.10886796693622847, -0.0669703566456391]}