{"epoch_losses": [0.7189267239570618, -0.1934176559448242, -2.9001397976875305, 0.526074073791504, -0.9578865356445313, -6.80596150970459, -49.225908203125, -74.683044921875, -90.4960023803711, -7.526213226318359, -9.474894897460938, -7.371424072265625, -6.330004028320312, -5.248926208496094, -10.344713439941406], "correlations": [0.13480131320669173, 0.0949409313549629, -0.2405907340244481, 0.05147638164288596, -0.09844386070047835, 0.10131692188163247, 0.24273676733465713, 0.2237707848169804, 0.1878062509178416, 0.17565552129759418, -0.19862612413087827, -0.08345768276469435, -0.09717580575269802, -0.0519562285927818, -0.06857803497177875]}