{"epoch_losses": [-9.015752046585083, -5.625441703796387, -1.0781536254882813, -1.828763397216797, -8.865330139160156, -93.05462727355957, -161.69253131103517, -179.00457830810547, -134.8447471008301, -122.33199334716797, -156.4182013244629, -175.77135192871094, -190.0183856201172, -232.4416583251953, -255.5570269165039, -265.6038634033203, -271.2630518798828, -258.9379429931641, -292.11613806152343, -288.53933264160156, -323.30578247070315, -330.2790844726562, -366.3197661132813, -365.9955809326172, -377.2019208984375, -412.44907958984373, -429.2097833251953, -430.6991865234375, -430.50652844238283, -449.86632006835936], "correlations": [0.1496195645175175, 0.062190220860652, -0.053573691025273276, 0.05181486992263853, 0.058666655221955286, 0.10323345006840809, 0.028775549302790374, 0.10708443151485846, 0.22676639296183368, 0.1734032014757017, 0.16337055313860593, 0.1740595139390978, 0.19937720330587805, 0.18825490572361683, 0.14626028934058383, 0.14292432252360607, 0.15772342960144847, 0.1364524288656944, 0.12579624737178552, 0.13679369532274632, 0.1293796388931118, 0.12845610829380127, 0.11372684726962053, 0.11469987954502273, 0.09847750402922029, 0.0762467003025212, 0.09637286039813005, 0.08169318524704428, 0.0864799640496729, 0.1333941457158306]}