{"epoch_losses": [-20.347726470947265, -89.03943698120118, -120.07126232910156, -136.6314624633789, -149.97852770996093, -156.2450014038086, -165.23659704589843, -177.90653283691407, -192.86444262695312, -210.88253723144533, -226.2179862060547, -238.69852014160156, -250.9964735107422, -263.1242158203125, -275.09481958007814], "correlations": [-0.08390610733038567, 0.03577116983831765, -0.046201610000763504, 0.03569073365555198, 0.1717049739632254, 0.24349936360319918, 0.23250678205435876, 0.23996865832068626, 0.2401001545777092, 0.23563430462360221, 0.21391336215372453, 0.20874629481426982, 0.2121535287584169, 0.20995947626827022, 0.20476241727019853]}