{"epoch_losses": [-2.5741597046852114, -0.04241340637207031, -0.02855108642578125, -0.9670189514160156, -1.2695511474609376, -1.5020039367675782, -0.1327734680175781, -0.2786824645996094, -0.5615230712890625, -1.3312342834472657, -5.017183517456055, -42.17816923141479, -69.6752133178711, -107.71384664916992, -108.28439056396485], "correlations": [0.02781713914928081, -0.0735983084385349, 0.2044637939177761, 0.1318834911317411, -0.07849517858544669, -0.08736246946749848, -0.06851074486772653, -0.08498705211097017, -0.03858736363177709, 0.007517993072973173, 0.03453874166935445, 0.08707288181023005, 0.06345938193256824, 0.05335284154960905, -0.12058715374253982]}