{"epoch_losses": [-3.216134241104126, 8.868563125610352, 1.3397684478759766, -0.5873382949829101, -2.369708300113678, -4.346433137178421, -6.315857849121094, -8.578555114746093, -9.728176651000977, -12.23311083984375, -14.224908782958984, -17.128855407714845, -17.891641632080077, -0.8550642700195312, -0.6991480102539063], "correlations": [-0.08593860249305159, 0.1629319136001876, -0.05184863682527153, 0.10241854661351568, 0.11006898728648554, 0.12658043012489983, 0.11113627495201127, 0.07862572466592732, 0.07802237683035548, 0.07454804912744414, 0.09059065127534488, 0.0844403633422836, -0.004057424492526496, -0.05285310153009178, -0.01818743230776752]}