{"epoch_losses": [0.17294115555286407, -14.7508447868824, -50.95328694152832, -61.851601928710934, -74.35315856933593, -86.40887295532227, -84.39395184326172, -30.7977470703125, 1.5002052612304688, -0.112280029296875, 0.04791571044921875, 0.076677001953125, 0.05013116455078125, -0.0218890380859375, -0.1074093017578125], "correlations": [0.06332619532466412, 0.2152537491322092, -0.13779933367275127, 0.01108799584640364, 0.09872706724102064, 0.19520094411116823, 0.22549365724980497, 0.1131043030254709, 0.17751552844677657, 0.15015237073824142, 0.07933018083121375, -0.09719162968305292, -0.21481816274137283, -0.25673499271833794, -0.25544341664872866]}