{"epoch_losses": [-52.48277253818512, -131.07894715881346, -52.047750732421875, -0.303806884765625, -0.7117384643554687, -1.4362698364257813, -3.94319189453125, -3.804790283203125, -17.055171966552734, -147.70025317382812, -226.22926361083984, -326.57501611328127, -369.3672262573242, -400.4328483276367, -420.6745502929688], "correlations": [-0.2754953919869016, 0.013593697714951775, 0.15192626699540457, -0.026698356560152143, 0.03811779794870856, 0.13872865404215565, 0.2019610614670066, 0.1709649349450634, 0.18095904753723824, 0.12174698966903996, 0.08487126128753507, 0.029091517568649215, -0.025787248875957913, -0.03583643919869989, -0.0464645096274959]}