{"epoch_losses": [-54.65793418598175, -147.0552491760254, -148.16094219970702, -175.8127828979492, -201.55372412109375, -213.9282178955078, -240.82542407226563, -251.84058776855468, -271.97678454589845, -292.1916072998047, -312.41947875976564, -335.64645300292966, -352.42981970214845, -369.25409130859373, -392.90195483398435], "correlations": [0.005935795397517259, 0.07691391625072055, 0.14954617149612465, 0.088729160270845, 0.08479561115704305, 0.08939471652820831, 0.0722057509003976, 0.10748440124195509, 0.13091538152051987, 0.1310470619653919, 0.10263546157318189, 0.10084237987267905, 0.0917468403076888, 0.08487928931441721, 0.07688904292467148]}