{"epoch_losses": [-16.46759589290619, -88.1402975769043, -112.56441668701171, -133.01017028808593, -153.6622670288086, -172.9744473876953, -188.34013684082032, -197.72605187988282, -201.67132434082032, -214.88327893066406, -230.7200233154297, -246.65441491699218, -256.2229337158203, -275.519423828125, -291.6478499755859, -304.2858927001953, -316.7352282714844, -321.0624831542969, -337.0208826904297, -344.767009765625, -356.4669266357422, -368.07220336914065, -379.5820673828125, -391.0209157714844, -402.3854306640625, -413.68497216796874, -424.9241672363281, -436.104083984375, -447.2383181152344, -458.330443359375], "correlations": [-0.024903587394264928, 0.12310109850285741, 0.16719134150970621, 0.06870448911635348, 0.10150798486537449, 0.12185413686373456, 0.14251560358006934, 0.15208341539552322, 0.1541800987329268, 0.15565614449396992, 0.16342697009162754, 0.17061046798698917, 0.17587049830473622, 0.17357115740924095, 0.17443606418554136, 0.17395141923521612, 0.17524484327362214, 0.1850821257147453, 0.1874229481112625, 0.21157519992518858, 0.2115219540791484, 0.2003923646224537, 0.1945265773089964, 0.18955405956399515, 0.18242737421911318, 0.18435203051845558, 0.18114693228304507, 0.18276641842790967, 0.17703851942646012, 0.16569673421790332]}