{"epoch_losses": [-26.86262189102173, -93.46651452636719, -127.87775494384766, -137.2601538696289, -136.54096221923828, -161.61216247558593, -174.94723034667967, -188.40896411132812, -201.86348754882812, -217.44380419921876, -230.30309912109374, -242.97990234375, -255.4409578857422, -267.7137054443359, -279.9629921875], "correlations": [-0.04008210068944155, 0.14468356421831208, 0.030130555397754215, 0.054994191423728744, 0.08372640907700313, 0.04825040954425895, 0.18508289679398354, 0.19325352341825458, 0.22137216252107364, 0.2368347982509007, 0.23301569800641805, 0.22882431088647873, 0.2160814875126343, 0.2200981585209051, 0.21643554361127154]}