{"epoch_losses": [-67.66411240673065, -151.96766171264647, -184.74114331054687, -215.05590698242187, -242.34991412353514, -265.2733322143555, -289.8239134521484, -311.71054345703124, -330.56521020507813, -351.40146508789064, -363.15260668945314, 401.1269313964844, 515.4567470703125, 603.8903352050781, 540.2840427246093], "correlations": [0.13586097211813122, -0.067601697742589, 0.03134213623762785, 0.1787431686037067, 0.19071369756109133, 0.21101354375620346, 0.19927671260245933, 0.21726130010012182, 0.20963473849072597, 0.20387484620578972, 0.19838725760771256, 0.2257653849854223, 0.3063315783238063, 0.17990540778467312, 0.12475569124147584]}