{"epoch_losses": [1.945787847518921, 0.005076492309570312, -1.2418364105224609, 4.646978485107422, -1.6066054077148437, -2.09815438079834, 0.01672314453125, -0.047915191650390626, -0.10199740600585938, -0.1717808837890625, -0.2683759765625, -0.3918540344238281, -0.53260693359375, -0.6964161682128907, -0.8989830322265625], "correlations": [0.22521802334977872, 0.09888753179072353, 0.1558263127108138, 0.2354357162068464, -0.22861001647202953, 0.0860128831441823, 0.30598774277283014, 0.19410710472292525, 0.14221652965080378, 0.10243172231262357, 0.05964628508038388, 0.033611927178528, 0.011706196890615788, -0.0203353421619084, -0.0309841294876717]}