{"epoch_losses": [-84.04688023376465, -151.33097146606445, -170.13980352783204, -177.44158123779297, -182.44098303222657, -200.70408294677733, -220.43853393554687, -268.3936637573242, -297.3385883178711, -303.7499295654297, -329.27785900878905, -349.09373095703126, -383.7894314575195, -399.7679128417969, -423.1836042480469], "correlations": [0.10606799085121639, 0.13293854796547083, 0.18565616095262474, 0.15257278608748498, 0.04398314592063792, -0.06301248673221968, -0.09142826857444117, 0.0918987322613294, 0.10389651903734402, 0.11859876431988291, 0.11148927411359229, 0.13118953632302793, 0.14800632872577119, 0.13066009351400637, 0.13990047291668656]}