{"epoch_losses": [-110.85686504554748, -156.77410638427733, -211.02380517578126, -422.8615653076172, -638.0246125488281, -935.97861328125, -1154.4357294921874, -1198.35879296875, -1155.4699755859374, -1317.042978515625, -1410.8302265625, -1655.2800068359375, -1753.6658061523437, -1918.8245751953125, -2083.55596875, -2292.983904296875, -2366.0238271484377, -2502.61813671875, -2629.7600478515624, -2551.00069921875, -2185.048732421875, -2202.623814453125, -2127.271326171875, -2137.6856796875, -2392.472279296875, -2366.48693359375, -2357.034439453125, -2497.71320703125, -2539.685966796875, -2844.076275390625], "correlations": [-0.018159862041754266, -0.14178809725193306, 0.04498903208632269, -0.13776425503548598, -0.11738287328265494, -0.06551405323672778, -0.023456393663543157, 0.002219673576470412, 0.04493691446746385, -0.05379900757359017, -0.02815205367885829, -0.06631382125860805, -0.11553314755706162, -0.15018889068765884, -0.07205957456363739, -0.1574422058148574, -0.10552961287911905, -0.07908924494666003, -0.07431825286795951, -0.05882124667037664, 0.2436855811196229, 0.333767777210797, 0.3433328604087881, 0.3071786712300206, 0.27673924954120893, 0.25878376067864206, 0.2187389327965051, 0.1770474407637832, 0.17663298356125656, 0.16332463827705923]}