{"epoch_losses": [-84.98687006950378, -156.7554033203125, -166.85871014404296, -195.99055200195312, -213.74214233398436, -237.32544543457033, -197.88052996826173, 0.6599315185546875, 8.843994750976563, 0.0330916748046875, 0.38298486328125, 0.4305316162109375, 0.0237379150390625, -0.83065771484375, -7.381671508789062], "correlations": [-0.046236723240566775, 0.04095272759100366, 0.1665221246147219, 0.1776029973370128, 0.1321349310924731, 0.20935736385926768, 0.22366473026508685, 0.08289695861617052, -0.02657154673128161, -0.1592995920051973, -0.1901973214337719, -0.21873460507700315, -0.2413831343457362, -0.20722924837508053, -0.17616559269171955]}