{"epoch_losses": [-62.2055785369873, -162.21328594970703, -188.94667822265626, -214.77220050048828, -232.21723223876953, -266.47726776123045, -290.8573299560547, -312.48893090820314, -333.70038122558594, -352.0582454833984, -377.85555590820314, -388.4391124267578, -418.07242919921873, -437.9274281005859, -457.3926080322266], "correlations": [-0.008866526027725417, -0.07903840063309014, -0.0550116897598327, -0.1344399567786891, -0.14372566231269784, -0.14790020832740453, -0.13374917076774662, -0.13740568625455696, -0.14302783979973055, -0.14171877222515844, -0.12274086857618295, -0.12935928470929614, -0.12878197892520235, -0.11506306316174722, -0.10850296947653144]}