{"epoch_losses": [-76.91511969709396, -144.98285278320313, -184.42422088623047, -207.13496490478516, -241.7787445678711, -268.2207336425781, -284.44573229980466, -310.3750687866211, -332.7951697998047, -360.6817355957031, -384.7108232421875, -405.2776912841797, -425.6717431640625, -445.6314919433594, -465.3747077636719], "correlations": [0.07169171424917414, -0.07624256496865352, 0.3653474500030485, 0.28660555963723866, 0.1409520278479403, 0.1045535311881225, 0.06212629188899145, -0.032961543432194734, -0.0652157599468441, -0.04551440283123121, -0.046818666255318234, -0.05305490280599671, -0.040614923997894695, -0.04514647015044857, -0.031011824873443387]}