{"epoch_losses": [-49.46168405914307, -283.54516967773435, -532.8052774658203, -725.7770883789062, -1068.4201027832032, -1388.611824951172, -1666.2582797851562, -1908.005639892578, -1858.0395004882812, -1858.591392578125, -1417.7965849609375, -1357.9996430664062, -1564.0100073242188, -1709.71418359375, -1715.773958984375, -1818.6229873046875, -1916.489541015625, -2044.5362158203125, -2144.9658681640626, -2352.9598125, -2525.8793447265625, -2727.76471875, -2849.852685546875, -2947.001787109375, -3179.647490234375, -3150.242953125, -3217.717537109375, -3406.403845703125, -3528.641638671875, -3644.029541015625], "correlations": [0.33717791384121387, 0.2703653963483731, 0.3828381998969008, 0.10930461833898712, -0.03304284639408261, -0.08333363101458187, 0.03382717491712342, 0.22341282181199001, 0.28127992017576764, 0.2793748854572771, 0.2633861532670042, 0.2850803605021654, 0.31831096780397716, 0.5077555762333084, 0.4869996548076117, 0.4876039643888399, 0.49840362051228004, 0.507453090912486, 0.5194482983954566, 0.5255714249080552, 0.5237721081748928, 0.49251127162890757, 0.518924267948831, 0.5380673565910888, 0.4692895317080778, 0.38865019674639045, 0.3820796238629229, 0.11596586157036384, 0.388674278232989, 0.528567270160214]}