{"epoch_losses": [-20.919163465499878, -102.82944018554687, -97.59945184326172, -132.20578149414064, -156.20411761474608, -179.9115844116211, -183.8138077392578, -200.32892126464844, -232.85370874023437, -216.77472875976562, -201.73262963867188, -219.0912580566406, -220.08295349121093, -216.63939013671876, -247.5280244140625, -272.4636158447266, -287.4864833984375, -302.24945275878906, -325.60240563964845, -341.3235241699219, -361.7604807128906, -368.8716286621094, -385.000521484375, -396.49965649414065, -402.98338037109374, -419.3970471191406, -425.2674052734375, -436.35708911132815, -447.44060327148435, -458.4495749511719], "correlations": [0.036213332005733664, 0.23735634773124448, 0.18031056001715026, 0.06437421807419764, 0.038390369681792685, 0.012650829365476448, 0.043835429329622304, 0.07872131053068569, 0.07967578031683333, 0.08046350884919619, 0.07948166819087801, 0.1081774692878785, 0.10281827051604882, 0.09458942253306601, 0.10358120214703825, 0.1432836402859136, 0.16571716907028583, 0.19708178590117295, 0.21053863695049552, 0.2044395360251957, 0.218285901835309, 0.2206945605386112, 0.22955835973945504, 0.22782976687005932, 0.2277699998468135, 0.23363177280722427, 0.22430934521905682, 0.2234625872451619, 0.21278734929850746, 0.20900343530828355]}