{"epoch_losses": [-66.64008771705628, -128.4828314819336, -165.5408455810547, -194.86114855957032, -220.6693701171875, -230.94368585205078, -229.87475695800782, -234.99955517578124, -276.3468923339844, -284.09410583496094, -298.2893038330078, -314.65729504394534, -321.6954555664062, -347.0792238769531, -359.3254803466797], "correlations": [0.21897897156199803, 0.056991354726538455, 0.08762012389233455, 0.22823061725731317, 0.08851857233601214, 0.21325318192719855, 0.008261573160322559, 0.015637859691957724, 0.060447036570358506, 0.09684173582177401, 0.09994550608512842, 0.09185365909944608, 0.06130118278052541, 0.06389675359776514, -0.02877812804937381]}