{"epoch_losses": [-69.00318376684189, -160.49577920532226, -188.4977254638672, -216.52697857666016, -243.2746693725586, -261.4710582885742, -282.9549527587891, -306.4732318115234, -327.29843981933595, -350.4821473388672, -370.69754650878906, -393.7841955566406, -410.0124698486328, -379.65768212890623, -422.06860339355467], "correlations": [0.07211637942406723, -0.026378682281689568, 0.09838873670306222, 0.23002209689447226, 0.05281301670502304, 0.13326452397506763, 0.21235805047209103, 0.2675755823700207, 0.30922889772593143, 0.3207001860820717, 0.3063644604938609, 0.30595257869346554, 0.2853057546706832, 0.12291586409318056, 0.10977639301197546]}