{"epoch_losses": [-59.06154166030884, -139.70962997436524, -180.69276025390624, -208.34256579589845, -224.4405637817383, -249.9385672607422, -279.34768713378907, -309.03508911132815, -330.03002014160154, -350.1335245361328, -361.3012769775391, -390.2685216064453, -407.90292834472655, -426.15946740722654, -448.88699084472654], "correlations": [0.06320461261313326, 0.2237663326271005, 0.3797118890830403, -0.08001577214905067, -0.035325425820485507, -0.014797485062865937, -0.043242774604313694, -0.024479005609264852, -0.041915605752944694, -0.04815600923245786, -0.036740476170650904, -0.04334120512219378, -0.010790899166155853, -0.06189549409406879, -0.060670455092637326]}