{"epoch_losses": [-19.666425501823426, -124.84306594848633, -123.75761111450196, -21.907700561523438, -15.704521728515624, -0.35074127197265625, -6.545539001464844, -15.715464782714843, -37.03281671905518, -76.7650050830841, -141.48673986053467, -209.66000230407715, -284.9249612426758, -375.71712298583986, -422.0512998352051], "correlations": [0.06343063564025922, -0.282901300629656, -0.22075923517307464, -0.023677487320594187, 0.06479640134394136, 0.04678225155324103, -0.18825222731068142, -0.15999155034617163, -0.11440495495254634, -0.072757162377224, -0.0816146343614141, -0.058816685145719166, -0.04549016395261753, -0.019188143376458838, -0.01889732812646364]}