{"epoch_losses": [-23.449160316467285, -82.8568793334961, -110.60892498779297, -124.77156408691407, -140.31503540039063, -157.98829956054686, -25.819409057617186, -0.0958006591796875, -0.265894775390625, 0.327747802734375, 0.355561767578125, 0.0785113525390625, -0.1458070068359375, -0.280259033203125, -0.3949791259765625, -0.5174443359375, -0.669573486328125, -0.8490140380859375, -1.0911156005859375, -1.38707763671875, -1.690794189453125, -2.0865548095703126, -2.521223388671875, -3.168418701171875, -3.963654296875, -4.927187744140625, -6.19327880859375, -8.079078369140625, -10.8060322265625, -15.582440063476563], "correlations": [0.0018264431345840512, 0.1714486500772208, 0.162641314419314, 0.12246881650222086, 0.0753978443667401, 0.05143441160650042, 0.08320558914443417, -0.0897487356461774, -0.24144847237605357, -0.11831404896084728, -0.1009854150310537, -0.10356671611451031, -0.043229369773528994, 0.021278251106150142, 0.03570421975689358, 0.048215158670426896, 0.06263047168241064, 0.08862305777567472, 0.08983971704196285, 0.0724954929807751, 0.05568445543868515, 0.07977760013862198, 0.12028881131241288, 0.13655986950363025, 0.15579144794300054, 0.1740090583624367, 0.17410242740046916, 0.17140896890621005, 0.18642736512828398, 0.19859378970476407]}