{"epoch_losses": [-67.88060903263091, -29.745512084960936, -1.9128323974609376, -5.441956298828125, -12.702773071289062, -32.168876098632815, -100.65817681884765, -381.69067395019533, -759.4999288330079, -689.5658930664063, -148.54434252929687, -64.87060375976563, -81.03363134765625, -89.74612573242187, -103.4481552734375, -153.031748046875, -235.4803415527344, -281.15359838867187, -337.9861806640625, -399.3923623046875, -511.15356689453125, -699.4665408325195, -1200.4702169189454, -1851.2711387939453, -2567.5099462890626, -2779.4652377929688, -3424.1475888671876, -3983.754810546875, -4209.42728125, -4325.080224609375], "correlations": [0.1291515831131625, 0.18307900759393056, 0.41171348684852704, 0.22842422494522036, 0.15086964781296855, 0.18362246043862376, 0.20221739165687938, 0.10969715224987932, 0.13816067460090042, 0.16803454319111333, -0.048132365092715616, -0.2947378642798348, -0.36895629673267194, -0.3377493585890663, -0.3140723731272151, -0.23325087838766326, -0.23267505400591224, -0.2041782381124412, -0.2005963825264699, -0.1902833503397721, -0.20913252703315158, -0.27088460850282, -0.35891357865455303, -0.31362236534093074, -0.22335143844167732, -0.13174003109881152, -0.19748434083999056, -0.19447060518987777, -0.09053789219048376, -0.07160250087357592]}