{"epoch_losses": [-9.979037156581878, -24.7566767578125, -338.29769300079346, -726.3051243896484, -1074.6828381347657, -1418.85053515625, -1645.7058359375, -1923.714896484375, -2077.873513183594, -2259.8870361328127, -2556.1363779296876, -2801.3483291015623, -3157.25372265625, -3423.61883984375, -3646.3763828125, -3742.1349658203126, -3934.7583896484375, -4167.051916992187, -4376.370381835937, -4584.04422265625, -4698.973697265625, -4909.289544921875, -5357.5540625, -5567.83212109375, -5632.306181640625, -4981.787984375, -5690.810935546875, -6163.658810546875, -5889.322939453125, -6456.106359375], "correlations": [0.3642024172696308, 0.2714183163789599, 0.33006025148889834, 0.05148426559336166, 0.5308716073702965, 0.5140040510292776, 0.6114557628016606, 0.6174802395120348, 0.6067287015176669, 0.5994031652490064, 0.5712907993155595, 0.5950863377443293, 0.509913775921594, 0.5789778660706925, 0.40921575439805274, 0.3613422351926714, 0.5706983292468376, 0.5827035773524147, 0.5448127508564128, 0.5088784082071713, 0.37698439870748185, 0.024836885265464972, -0.10383411015022556, -0.07475207391346429, -0.0541760067286312, 0.017477712233799705, -0.03128487267211283, 0.5036759921828226, 0.18968270640814644, 0.25135216618511147]}