{"epoch_losses": [-4.357318939447403, -36.58282038879395, -4.9575326538085935, -0.10596719360351563, 2.2552290649414064, 10.083711547851562, -0.0807589111328125, -0.14560885620117187, -0.313892822265625, -0.9396312561035156, -2.643994827270508, -7.058513236999512, -25.009512006759643, -80.47030657958985, -64.52542135620118], "correlations": [-0.025393298248701193, 0.2004878878195575, 0.2978773400146052, 0.0671941568947222, 0.023065714118814765, 0.05115744235845445, 0.18374371588940763, 0.27315378345809566, 0.24089793126671197, 0.18746703567532733, 0.14525758001903072, 0.11860386312059358, 0.15956784140127211, 0.25912308207536305, 0.26163006301722935]}