{"epoch_losses": [-73.83389048576355, -143.9184670715332, -190.22401721191406, -213.03941015625, -236.44189178466797, -264.4139786376953, -288.00461804199216, -306.38235424804685, -326.868888671875, -346.84138342285155, -366.42715979003907, -385.6639191894531, -404.61585583496094, -423.3029826660156, -441.75393811035156], "correlations": [0.17718738398584144, 0.31534683674433905, 0.2757282461654402, 0.29874475021370756, 0.2596786833628564, 0.24259909779729705, 0.23198229819532576, 0.2398885819047612, 0.23625037500773455, 0.2237597473859591, 0.21708728659819437, 0.21927875180759904, 0.21460100842195098, 0.21373900156557546, 0.2266863573388729]}