{"epoch_losses": [-56.21244754362106, -14.010141357421874, 1.7587391357421875, -2.1379016723632813, -4.364183837890625, -1.6289959716796876, 5.151386779785156, -4.138690002441407, -4.6650323486328125, -16.753783935546874, -105.98336715698242, -140.777328125, -171.34630905151369, -160.05845443725585, -199.17844369506835], "correlations": [0.00859655299680022, 0.012339693406711153, -0.022082011706387898, 0.06654097788128573, 0.03595455647788074, 0.08080172552648582, 0.2429409884466947, 0.13729611313523984, 0.08702420648021637, 0.08775605025550463, -0.01248640744785017, -0.11282434592430639, -0.05588297875176337, -0.12605307661481435, -0.13008507262949684]}