{
    "epoch_losses": [
        -83.6137283859253,
        4.56319580078125,
        -38.94953259277344,
        -63.535323974609376,
        -1.4179986572265626,
        -57.27301259613037,
        -197.18079504394532,
        -497.19112240600583,
        -981.190126953125,
        -1257.4626721191407,
        -1831.1582525634765,
        -1834.4246196289062,
        -2106.73178515625,
        -2434.6024926757814,
        -2912.2105952148436,
        -3220.2793100585936,
        -3543.635520996094,
        -3839.8409375,
        -3145.252279785156,
        -3122.7404228515625,
        -3924.401323730469,
        -4422.768040039063,
        -4669.450310546875,
        -4823.530477539062,
        -5122.73045703125,
        -5385.7353828125,
        -5687.12978515625,
        -5982.263806640625,
        -6237.674973632813,
        -6386.650565429687
    ],
    "correlations": [
        -0.04210688507803986,
        0.45244749003699136,
        0.06321528737273624,
        0.05387740748432305,
        0.4654414379621276,
        0.1307640970238224,
        0.12328414104279296,
        0.21272285704501354,
        0.19985497614313977,
        0.14782512751609908,
        0.22692810635483707,
        0.35482867182287803,
        0.27601724095660923,
        0.6157219622048058,
        0.6023860371434173,
        0.5626166513567077,
        0.5635252979702705,
        0.6105398684341692,
        0.603369450367832,
        0.5378931469572065,
        0.5710349537222983,
        0.6038520640340814,
        0.6169959099156282,
        0.6219872811993349,
        0.6012419969144059,
        0.5894988145988385,
        0.6032718586967966,
        0.6280524270710635,
        0.6244955974432017,
        0.627736366777314
    ]
}