{"epoch_losses": [-71.7190833337307, -150.93707052612305, -176.50144580078126, -198.20141003417967, -223.0995132446289, -246.00213427734374, -271.0469072265625, -296.6076422119141, -306.58163708496096, -326.4359276123047, -343.44805114746094, -344.67923059082034, -362.3616163330078, -379.56754650878906, -396.732095703125], "correlations": [0.11133929306761552, 0.2571523376566326, 0.24957041682294964, 0.2583581638293241, 0.29137521239345693, 0.2839556603766893, 0.2287432799999334, 0.18985124168836892, 0.14173967146410046, 0.16220469858033804, 0.0770453402316993, 0.012258990870486132, -0.05255631815172778, -0.05965955804150467, -0.0705080070312727]}