{"epoch_losses": [-7.639956047058106, -88.44835913085937, -125.20661016845703, -142.41479431152345, -158.33192999267578, -175.7313126220703, -190.62101245117188, -205.15173779296876, -219.36293237304687, -233.2614052734375, -246.8668557128906, -257.10434130859375, -273.3595262451172, -286.32447375488283, -291.79101782226564, -311.71515625, -320.31881762695315, -336.4822921142578, -348.68101806640624, -360.7487302246094, -372.7638095703125, -384.66185717773436, -396.4704487304688, -408.2002160644531, -419.85532666015627, -431.4433444824219, -448.33216186523435, -459.9499338378906, -471.51540869140626, -483.04943701171874], "correlations": [0.10506592581390554, 0.03584230166182138, 0.16823560573264046, -0.08903124839127344, 0.11086999166752715, 0.19044742763771874, 0.18808566598111623, 0.19389545519927617, 0.1905187191553732, 0.2058857908767914, 0.20642147930587235, 0.21501554465561826, 0.221007515160332, 0.2165552651009456, 0.21407352812526853, 0.2148153910902533, 0.21496580178894828, 0.21998049056661978, 0.22802034949526412, 0.21568031815681482, 0.21332745442294954, 0.20933366122760638, 0.2094801184932352, 0.2136506948588553, 0.22239237890803673, 0.21557999738039996, 0.21574956745303767, 0.20878960698914684, 0.20253336633734273, 0.213545063213968]}