{"epoch_losses": [0.19111559736728667, -21.414899542927742, -50.559084838867186, -63.24364886474609, -67.27339376831054, -75.83578570556641, -75.60406176757813, -99.90461071777344, -103.86013317871094, -111.68854528808593, -117.91443823242187, -134.1174326171875, -134.7055044555664, -151.75041137695314, -173.82266900634767], "correlations": [-0.13539514377269019, 0.007719723125603179, 0.17997528684995745, 0.14919202895533573, 0.12540515996065, 0.11654701391245341, 0.10515683155376618, 0.06821838762464338, 0.05565754101501208, 0.08281692944214261, 0.12159614814944004, 0.12819970467141148, 0.12282936226519227, 0.1303392855163444, 0.12462084745003116]}