{"epoch_losses": [-79.55654041481019, -143.9565535888672, -180.66613916015626, -206.2578494873047, -234.19344580078126, -254.86256652832031, -273.96730096435545, -299.0764862060547, -324.53454956054685, -345.00094213867186, -365.1040391845703, -387.98425305175783, -404.40308935546875, -420.21375439453124, -435.5011846923828], "correlations": [0.09243033583883854, -0.11843041995012103, -0.03230962234960241, 0.042128850770641574, 0.22647542203202484, 0.25565686507571783, 0.2688001332502732, 0.24789501253012478, 0.2520974396243493, 0.2628515911288188, 0.2322049634859647, 0.22653656385120458, 0.2278606057833241, 0.21479616883474892, 0.22042637718628427]}