{"epoch_losses": [-1.138441162586212, -1.8201499824523926, 0.3019103088378906, 1.0901431274414062, 6.987555572509765, 3.777536087036133, -3.59240690279007, -4.927035087585449, -7.089112442016601, -25.68315151977539, -18.771246002197266, -34.889468139648436, -51.95858984375, -61.56645635986328, -69.00975457763671], "correlations": [0.033266579437527914, -0.2209497391987306, -0.10342662666361682, -0.11740369427930016, -0.14044282322188636, -0.16680673987484312, 0.25518962877936885, 0.14797324162756378, 0.0623520904317862, 0.06443318813009893, -0.29039414983127837, -0.28253778763409604, 0.044464220550295294, 0.03276421948386256, 0.06172477678099974]}