{"epoch_losses": [-0.1948363996744156, -31.285352003097533, -50.490847595214845, -68.38180081176758, -80.53616845703125, -90.34207568359375, -103.8222646484375, -102.70808874511718, -109.52872479248047, -78.18991961669921, -81.67453540039062, -79.61433721923828, -85.90365856933593, -92.65268933105469, -113.68372625732422], "correlations": [-0.018797445911814408, 0.019354808398863627, -0.10545138357736507, 0.17327611205731225, 0.14760821671764437, 0.16469733775880627, 0.13001577649440832, 0.10566476817492544, 0.07689228059371499, 0.11790952798117305, 0.14307932790572042, 0.01477779293466274, 0.01756069213821308, 0.04024300823615597, 0.06019220353504171]}