{"epoch_losses": [-62.77118406248093, -161.0171383972168, -101.22651104736327, -136.86132421875, -188.88468237304687, -214.56973602294923, -224.2169453125, -275.009166015625, -300.8896109008789, -316.5229083251953, -324.76934619140627, -360.6575577392578, -327.5868282470703, -336.3263801269531, -338.05287548828124], "correlations": [0.06271698309167997, -0.15222845167604654, 0.1353506315994026, 0.07442480839606437, 0.14283839111965294, 0.15139704908903762, 0.09961465971386632, 0.01502791671461046, 0.09468557097708039, -0.06802529504801663, -0.008008571207311348, 0.046698047367745944, 0.15073601279146548, 0.16679521161718255, 0.17535955364159683]}