{"epoch_losses": [-23.98987880897522, -12.353686920166016, 2.8351315307617186, -0.196637939453125, -0.23892572021484376, -0.41079248046875, -0.8539508056640625, -2.2453543090820314, -6.535265747070312, -20.53237240600586, -56.34299007415771, -130.73806134033202, -181.39153381347657, -186.21385522460938, -202.69800067138672], "correlations": [0.015332416851197211, 0.14427094950170152, 0.15147353841949368, -0.1955565870392125, -0.3200052798789298, -0.29884835708833024, -0.28809428905052903, -0.2961157205898842, -0.2915982175586294, -0.24138763602923308, -0.1878218427245713, -0.1348579147474473, -0.12750465305335226, -0.19805373421213643, -0.2599733367763836]}