{"epoch_losses": [0.2082895895242691, -0.759921061873436, -16.61789568710327, -36.11161752319336, -14.596771560668945, -0.4763863525390625, -0.6355386657714843, -0.8415969543457031, -1.1365440063476562, -1.5160993041992188, -2.120620361328125, -3.0139537963867187, -4.322718444824218, -6.2470794067382815, -9.32953192138672], "correlations": [0.19700623640047493, 0.1751901861773305, 0.16755317057495828, 0.09646720551003139, -0.07934970497177912, 0.05568457188423083, 0.008255306753262314, 0.03914208546107743, 0.08683051570685275, 0.11680012507882, 0.1100370740763304, 0.08921897913679741, 0.05182238836938066, 0.014388609941711287, -0.018569997670069407]}