{"epoch_losses": [0.1377137577533722, -0.3610681700706482, 0.11678274822235107, -1.0491708350181579, -17.679800302505495, -49.73137599182129, -65.29429782104492, -77.11224212646485, -84.51518118286133, -96.28436126708985, -106.65413348388672, -118.83601989746094, -124.3646001586914, -136.0994985961914, -144.25704522705078], "correlations": [0.07793267098235737, 0.06114764336812793, 0.22130221949385231, 0.00962825074650139, 0.1715363582963402, -0.07968805218809381, 0.17027978071227787, 0.24435146291181314, 0.16826097669708812, 0.1590740094359762, 0.17898024869117662, 0.17767627399446423, 0.1728761104916331, 0.160862916306683, 0.14930208249571278]}