{"epoch_losses": [-59.52099600744248, -143.53398028564453, -154.93171783447266, -186.01667761230468, -214.4487395629883, -234.76629034423829, -267.8142609863281, -283.93215795898436, -314.282013671875, -328.99709606933595, -350.34137573242185, -357.2774202880859, -372.401685546875, -380.30048767089846, -401.0929067382813], "correlations": [-0.11777098736741579, -0.3153156265768442, 0.026599506146427324, -0.14460226753774907, -0.07747747782666144, -0.06591043261189786, -0.0894550774482049, -0.09367620561546128, -0.0898048639011603, -0.07836664959018669, -0.16008418428332002, -0.14767375350336706, -0.1491184379686556, -0.13466283593449943, -0.15017820275207064]}