{"epoch_losses": [-89.894529255867, -153.88433233642579, -175.3487305908203, -208.4190814819336, -232.441603515625, -258.13196026611325, -286.63744140625, -308.3291484375, -334.9903133544922, -353.78184411621095, -380.4610941162109, -401.39949169921874, -422.0434838867188, -442.38861474609377, -473.2025350341797], "correlations": [-0.1347510782585322, -0.1154151606830931, -0.04378507928976018, -0.11205934979916601, -0.11817773794957723, -0.10094458121190084, -0.10098191065286255, -0.10013579349046066, -0.08084657403850165, -0.08103565787233395, -0.08277747381431358, -0.07032656030597492, -0.049736610443150996, -0.05640231111581377, -0.04890529328188966]}