{"epoch_losses": [-70.54998527097702, -169.25248205566407, -194.80782678222656, -223.41038232421874, -251.99800115966798, -274.46618200683594, -298.7468566894531, -317.6428829345703, -341.39246899414064, -359.31580993652346, -379.4403917236328, -399.31516467285155, -418.86992456054685, -438.1452227783203, -456.94541149902346], "correlations": [0.009789795969472158, 0.13944907499440481, 0.34331291294263705, 0.3143765505755839, 0.27537688304058283, 0.2183386174968328, 0.13814284905536853, 0.18649760849435826, -0.0010356214311356684, -0.027879578021246534, -0.015750002157889877, -0.019413911841320384, -0.011149398148279973, 0.012501832731343573, 0.01138467002686202]}