{"epoch_losses": [-74.88814112663269, -131.3439280090332, -157.49941229248046, -203.75925939941405, -221.8546890258789, -234.0521156616211, -260.3225471191406, -277.4954764404297, -298.9997479248047, -317.809208984375, -333.2466989746094, -360.91186328125, -382.50172094726565, -417.7542110595703, -451.12134289550784], "correlations": [0.17853460966180837, -0.08153683744260415, 0.15203530981360214, 0.1392583905414494, 0.2109110990145229, 0.26904522743572146, 0.2648589667843573, 0.2554095072084514, 0.21312914794087479, 0.19522117075014989, 0.183906728366081, 0.1649253135100853, 0.16859257194867971, 0.16391461735686563, 0.15780819097595164]}