{"epoch_losses": [-25.81108507347107, -26.06458435058594, 0.7297564086914062, -0.34132659912109375, -0.5895151977539063, -1.4278466796875, -3.961209228515625, -33.33035025024414, -76.56269146728516, -113.72924151611328, -88.05748065185547, -91.81260034179688, -109.81028173828125, -115.22662329101563, -121.94870031738282], "correlations": [-0.021501113189756674, 0.1235159762562962, -0.17541513345264825, -0.07561301796443273, -0.04513587980259758, -0.0978703689006006, -0.14125236540171016, -0.18993890959075138, -0.2940874823966392, -0.33377079781116914, -0.2852295222924567, -0.287808486645136, -0.24375715744589938, -0.15738856487127886, -0.15928500169601467]}