{"epoch_losses": [-11.556958347082139, -34.22872473144531, -41.42417431640625, -49.624586303710934, -56.355441009521485, -66.31541073608399, -74.10137994384766, -97.9484663696289, -96.62502069091796, -96.4462025756836, -59.54523657226562, -78.83331610107422, -92.25259631347656, -123.40833538818359, -139.30959954833983], "correlations": [0.16224757569462384, 0.05151977697045401, 0.028987539681132147, 0.0857263540481573, -0.028688006296961974, 0.040784362897688, 0.0954419657208198, 0.02909870413052316, 0.0787253616103202, 0.15183172104226142, 0.012547344922598241, -0.01894028320897958, 0.00038945388582352526, 0.025768785510394476, 0.11815824588304606]}