{"epoch_losses": [-47.17200627326965, -164.97813360595703, -196.7312810058594, -220.9977052001953, -243.58242797851562, -265.50060327148435, -286.74930041503904, -310.13310778808597, -327.92856689453123, -347.8509072265625, -370.47066259765626, -389.9500056152344, -412.4375018310547, -431.4702479248047, -457.65491796875], "correlations": [-0.09881350371347707, -0.07455415732311026, -0.09775631295419918, 0.12589507954731557, 0.17078248003833812, -0.014050289093362534, -0.07365898891823314, -0.09077368377866996, -0.07980717856643776, -0.08371433852083573, -0.10425922263881171, -0.1079905191985658, -0.11127077596841062, -0.1380833514383942, -0.13513168297888403]}