{"epoch_losses": [-1.3063626732826232, -19.705792694091798, -27.582679809570312, -37.19963009643555, -30.617762329101563, -39.709588623046876, -48.57957489013672, -56.94276196289063, -66.0613207397461, -71.32082849121093, -76.4972387084961, -80.04248864746094, -85.05705535888671, -86.75949487304688, -100.03553387451171], "correlations": [0.07675175430505893, 0.10083038378705982, -0.10576511392819908, -0.07766912353487747, -0.08006854846120515, -0.10988843864839072, -0.12436092727296147, -0.15283324915393406, -0.16289298478978081, -0.10287646068988544, -0.13044402297120195, -0.18918728981123925, -0.22647280209180956, -0.23834636696307354, -0.23645920904623735]}