{"epoch_losses": [1.0516304759979247, -0.9620005836486817, -20.443184547424316, -37.47746520996094, -39.123377380371096, -31.212371215820312, -44.65379867553711, -49.11706024169922, -53.02335046386719, -59.430135864257814, -62.93350506591797, -75.45562356567383, -91.16930377197265, -122.64488018798828, -135.92962109375], "correlations": [-0.21192329050317812, -0.04375161491345534, -0.03007123029334704, 0.09013656694759102, 0.21633287797767248, 0.06741550797858227, 0.1467259443092672, 0.15672645024735765, 0.17459628226537469, 0.14689961005844482, 0.1314836304703145, 0.15268687784579102, 0.08524920009393329, 0.05206509793317209, 0.1928507439392423]}