{"epoch_losses": [-29.21853227710724, -285.2239822387695, -548.7693054199219, -780.3956135253907, -913.72523828125, -1156.1405747070312, -1081.7772197265624, -1247.7379111328125, -1376.6465283203124, -1444.4382880859375, -1572.5951572265626, -1846.558255859375, -1778.9283564453126, -2132.09341015625, -2073.5634794921875, -2087.714189453125, -2505.1299345703123, -2644.0836240234376, -2435.1086728515625, -1156.5633046875, -115.644078125, 26.737728515625, -43.88269140625, -3.512646484375, -1.461509765625, 0.06380859375, -0.764064453125, -3.59919140625, -2.929849609375, -2.66761328125], "correlations": [0.08226892774518278, 0.03904217533103082, 0.12345911486269093, 0.2759243862377696, 0.47519256496326495, 0.17464544463083487, 0.17468822037465662, 0.1596061806989473, 0.09088702520210892, 0.08542204720680897, 0.2998054795746207, 0.5307631829109484, 0.10995768154809565, 0.04247594906961134, 0.3437689904073552, 0.4878307948228301, 0.5241478571682203, 0.49898217643158266, 0.4743705897462015, 0.0796523259430956, 0.03034484992766114, 0.08228481804275767, 0.0842255833637564, -0.018214666743999578, -0.1380835887858759, -0.18351842829430864, -0.19682125802936618, -0.1928703358566896, -0.1642383331944573, -0.10941030456345929], "accuracies": [0.5335, 0.4615, 0.5315, 0.615, 0.741, 0.562, 0.557, 0.5545, 0.54, 0.541, 0.6095, 0.736, 0.545, 0.536, 0.632, 0.709, 0.728, 0.7155, 0.7005, 0.5365, 0.5345, 0.5345, 0.5345, 0.5345, 0.5345, 0.5345, 0.5345, 0.5345, 0.5345, 0.5345]}