{"epoch_losses": [-1.2182016541957856, -35.50167821502686, -49.375810974121094, -61.95613397216797, -71.83431930541992, -84.7519412841797, -88.91883575439454, -94.50413757324219, -99.3417308959961, -4.428368225097656, 0.020506591796875, -0.00049407958984375, -0.00835321044921875, -0.01435107421875, -0.02030517578125], "correlations": [0.19479230192490743, -0.09277726924680041, 0.20008205348420408, 0.0373459856711663, 0.19032177785646043, 0.19350923277065818, 0.2551914104147756, 0.2671046508897987, 0.25602693028569595, 0.0721731750450613, 0.0816952875747625, 0.06742459875481155, -0.038638340228495625, -0.07821375209207282, -0.050905725890658185]}