{"epoch_losses": [-79.57687313270569, -157.27375942993163, -195.99829418945313, -209.25234686279296, -236.36047302246095, -257.70694805908204, -286.0382878417969, -306.886298828125, -327.3599956054687, -344.88753454589846, -368.7818598632812, -384.08856689453125, -409.13174853515625, -428.32815625, -450.97015258789065], "correlations": [-0.19187720474637898, 0.0378256692177629, 0.2181474787674162, 0.3174160500110532, 0.28686924365185507, 0.20884804539713012, 0.1461357230441706, 0.18764269455900245, 0.280263722173885, 0.2834629545412292, 0.30021651795562854, 0.23932708035358558, 0.2330280943999081, 0.17079180829984905, 0.2370956613225654]}