{"epoch_losses": [-70.45334692573547, -162.99968347167967, -200.68213140869142, -226.6100809326172, -247.8098265991211, -276.4324718017578, -296.5982609863281, -318.3959661865234, -339.79065466308595, -360.8128190917969, -384.52370629882813, -402.63545654296877, -404.9725944213867, -442.9762059326172, -458.72114514160154], "correlations": [0.022132008316976638, -0.06415271251872137, 0.023601858830874695, 0.23699922248961106, 0.23271915654669267, 0.055240591594526205, -0.04124478297397531, -0.025673400383079074, -0.018939905399014512, -0.0032792973324488966, 0.004224776765252904, 0.04610111462980925, -0.023473357709000456, -0.06421807115544603, -0.06828469159344158]}