{"epoch_losses": [-93.541117105484, -170.4400708618164, -194.04376489257814, -216.22594549560546, -239.82355255126953, -261.19115637207034, -282.11248315429685, -305.0636982421875, -322.82364208984376, -342.67402453613283, -362.21317553710935, -381.4333533935547, -400.38370581054687, -419.084380859375, -437.5503333740234], "correlations": [-0.14054570427446217, -0.07884566855249897, 0.11866542574457102, 0.29516674139740007, 0.2758811789772203, 0.2872120527162954, 0.283770145463703, 0.2957305516439485, 0.3044562454566688, 0.3121951364764064, 0.31027128364054973, 0.34280014639418094, 0.34205594156626956, 0.3274964897093021, 0.3037491273049816]}