{"epoch_losses": [-16.607726573944092, -89.07148489379883, -110.50977960205078, -125.19625299072266, -138.88843048095703, -152.19259155273437, -167.45824584960937, -194.94542071533203, -188.1746517944336, -207.8188184814453, -218.596541015625, -231.56483703613281, -243.89571020507813, -259.1520760498047, -271.6560046386719, -287.30480688476564, -307.0598797607422, -299.61258959960935, -309.76542578125, -318.0240516357422, -297.1451407470703, -291.66543505859374, -319.41187634277344, -329.6748154296875, -333.65930541992185, -319.14194458007813, -248.5292912597656, -236.23230700683592, -270.09468701171875, -320.44372119140627], "correlations": [-0.08647274288125296, 0.24835017685150695, 0.13381567322574514, 0.1195746624544968, 0.14093354909947745, 0.16056864264663792, 0.17296788691931225, 0.19146676028161125, 0.1630665812905996, 0.16967333706488452, 0.19448541777605455, 0.1996527262435492, 0.20181761058947004, 0.20128615344324177, 0.20486501299590168, 0.22558913633450517, 0.23281426869564953, 0.27747047970485145, 0.2744885135043405, 0.26778120374599695, 0.25463205715894816, 0.22860430971635098, 0.20725556710651027, 0.2142764572163597, 0.20563439541638145, 0.19696249626019452, 0.16154570548438665, 0.15502927160869523, 0.14353903603791462, 0.16407730731127607]}