{"epoch_losses": [-41.51275869941711, -98.14808337402344, -118.50763745117187, -133.481865234375, -147.74737548828125, -157.66837902832032, -166.79868298339844, -181.28961462402344, -196.54490856933595, -212.0505576171875, -213.36945520019532, -222.77778344726562, -242.45790502929688, -231.2012274169922, -224.54121185302733, -258.6455111083984, -212.87759936523437, -243.20884375, -280.9039066162109, -294.28626733398437, -308.7174249267578, -318.9990500488281, -319.6110291748047, -330.5285841064453, -340.8767020263672, -350.6738071289063, -365.51522021484374, -397.80214990234373, -411.5456123046875, -427.7959189453125], "correlations": [0.034263338554169485, -0.12104586150292969, -0.02494256368580339, 0.21733105112484652, 0.17767385612532144, 0.14919407773486032, 0.15927451182806204, 0.13960514886511297, 0.18919421613458381, 0.23396289381622268, 0.2569589902514686, 0.2698684554799332, 0.08023042063373799, 0.12510691603939209, 0.09653039794347025, 0.13246087980445437, 0.12236519958615459, 0.10901284263799814, 0.13116763928882466, 0.19130243424621607, 0.1911280250504822, 0.19440495573566133, 0.19432025280279244, 0.19827574525698552, 0.20320607288832024, 0.20294083770348387, 0.20404953966604483, 0.22176140394487667, 0.18747616141088638, 0.1639145467720525]}