{"epoch_losses": [0.8518333022594452, -3.5785191535949705, -26.488598747968673, -44.776134368896486, -39.448658294677735, -42.3365080871582, -40.253552642822264, -50.52846600341797, -26.827564819335937, -0.289275634765625, -0.5168787841796875, -1.1883853149414063, -2.3417532958984375, -4.723554809570312, -12.155434173583984], "correlations": [0.08284114900507521, 0.1851929372598257, -0.06602228348709956, 0.21791087224622877, 0.005272461855965432, 0.23405575532456932, 0.14743189529416226, -0.02433907882400229, 0.08814974189921009, -0.006723280574560968, 0.040524898993325294, 0.11402403414098233, 0.15687667960351329, 0.17709142324297303, 0.1921035989440248]}