{"epoch_losses": [-27.06583524274826, -45.67753396606445, -0.405981689453125, -3.332367706298828, -13.669327941894531, -0.38011322021484373, -4.077812133789062, -0.7648432006835938, -6.666406860351563, -7.883611450195312, -14.809916625976562, -23.018552490234374, -24.1132685546875, -17.906277221679687, -21.166076049804687, -29.929149291992186, -30.61009899902344, -29.09689990234375, -27.268190795898438, -29.842685546875, -33.300685546875, -31.0063134765625, -35.92563659667969, -33.034178588867185, -34.17896618652344, -35.29038684082031, -36.50773425292969, -37.62944995117188, -43.57413500976563, -39.956490234375], "correlations": [-0.02136680246808071, 0.08148673817865058, 0.1794022761541775, -0.22252919266917312, -0.1078085803209156, -0.06883781708137938, -0.08686262565808167, -0.14159288601031775, -0.18073034246917394, -0.17479875634527717, -0.21963873642443416, -0.23286907879221408, -0.13712048555897288, 0.00794572183920989, -0.025003406977950653, -0.16329222764751783, -0.20694059249281208, -0.2291653363623115, -0.14404792712096307, -0.18266072927899618, -0.17917174771156805, -0.1738152514952057, -0.168081002823975, -0.1848054972789803, -0.2061339576024022, -0.1886271457767251, -0.17859883011624733, -0.17273022604108546, -0.15792347030769158, -0.13558328301997097]}