{"epoch_losses": [-48.973279066085816, -145.22378747558594, -168.43179705810547, -187.29003802490234, -218.22754949951172, -253.68027410888672, -274.1935484008789, -292.0881315307617, -323.162750793457, -334.73545788574216, -341.3443127441406, -366.3279893798828, -398.21130639648436, -409.7539840087891, -421.3735906982422], "correlations": [0.03365730156703589, -0.18023761104141375, 0.25250345301754584, 0.12940499476430675, 0.20420193966775574, 0.2870689393947615, 0.2928401083154226, 0.29474525328533824, 0.29747878727077903, 0.2797861830277588, 0.27785379465557947, 0.2798654324691929, 0.29407129096588863, 0.29946234533348537, 0.30858407546082195]}