{"epoch_losses": [1.2880838619470596, -0.6928166809082031, -28.864180592060087, -53.83127969360351, -65.14383932495117, -62.18464651489258, -83.2138493347168, -94.82231146240234, -102.6817651977539, -104.40571936035157, -42.119676391601566, 58.37839953613281, 164.66596252441406, 224.44573010253907, 235.72459194946288], "correlations": [-0.19487721498257443, -0.13686180229408998, -0.2274520925111867, -0.17323819859186007, 0.19459789347994794, 0.11387443843570108, 0.2872599156333953, 0.1506594352449248, 0.1764856023913032, 0.27962428828691815, 0.2541224592770436, 0.1659889196179719, 0.10861448930784173, 0.13877154003242925, -0.10957919331642922]}