{"epoch_losses": [-14.205415580749511, -208.87276858520508, -453.04694885253906, -627.2443305664062, -898.3317526855469, -1169.5943232421876, -1294.5916782226564, -1642.9086240234376, -1252.057328125, -986.521126953125, -491.4321591796875, -122.9978271484375, -389.230220703125, -426.5143115234375, -415.7303427734375, -484.3399609375, -652.9325458984375, -766.6499819335937, -995.1615268554688, -1195.0002036132812, -1494.6472890625, -1872.0384743804932, -2304.6412772216795, -2712.0661228027343, -3116.029364990234, -3288.8583928222656, -3550.528432373047, -3732.7041964111327, -3970.9057412109373, -4301.314736328125], "correlations": [-0.07658395111458885, 0.043473396312372306, 0.4837225625152252, 0.48462525934556855, 0.4563791201844424, 0.4424483239061109, 0.5064727061257653, 0.5569877467777289, 0.1949848822746113, 0.0938545750625306, 0.0978673990637136, 0.02839571233050599, 0.05329171265567438, 0.039693615478539716, 0.04698257659206329, 0.06593150617685982, 0.057283705685536764, 0.04092603071786483, -0.04441469846968348, -0.10166026910133345, -0.11518696796918443, -0.11642511778125401, -0.1189964370745985, 0.03895968799325756, 0.04803408102238806, -0.003122631738100994, -0.04867319247275042, 0.06208716133536057, 0.17408115478137748, 0.2354395327945037]}