{"epoch_losses": [-81.51729497146606, -96.4980421447754, -36.24528430175781, -140.357822845459, -142.524966796875, -181.28899920654297, -187.69557861328124, -221.2939921875, -172.24608447265626, -0.532598388671875, -0.8419342041015625, -1.253375244140625, -1.692984375, -2.23887646484375, -2.8951412353515624], "correlations": [-0.09507930106999879, -0.10181542562052406, 0.06219866824869604, -0.16640091753976033, -0.0007045389871118652, -0.03623305242427705, -0.08360980960167125, -0.08520864248718774, -0.040727587444768176, -0.002591757318282538, 0.1495568459979635, 0.2448821880807063, 0.2611994364928643, 0.2590112642489442, 0.2528406370600381]}