{"epoch_losses": [-17.940011362314223, -94.8820029296875, -103.82509411621093, -98.93569207763672, -113.61412231445313, -137.89560101318358, -107.23979577636719, -97.8203204345703, -138.23396118164064, -141.79741491699218, -163.53055322265624, -188.01432287597657, -197.94788513183593, -207.55249780273436, -206.84251135253905, -183.75071728515624, -206.2962697753906, -221.80283544921875, -217.6491833496094, -229.80988793945312, -275.3744836425781, -285.51554528808595, -323.0748869628906, -331.2573767089844, -346.47856616210936, -361.03061328125, -339.51164111328126, -359.4617873535156, -363.47648583984375, -395.41272412109373], "correlations": [-0.22255908291688084, 0.1836171299261274, 0.09010030069090962, 0.018456588489958518, 0.10291796308433275, 0.11435914681653535, 0.08084267356243668, 0.06090966447289473, 0.08964755901508248, 0.07116813310451064, 0.07748519033416922, 0.051787946347319036, 0.06621268392362342, 0.047787240523832146, 0.06208530817363346, 0.06338156827923418, 0.06539983373815227, 0.07383218764213878, 0.05998528444944764, 0.06781330235612021, 0.017416855108429597, 0.030049412488800078, 0.03326741303288737, 0.05516512754662265, 0.09202231908367729, 0.07323622903503345, 0.060714686694579266, 0.05270814641124843, 0.061047248061027716, 0.027786183076605298]}