{"epoch_losses": [-89.40230726242065, -147.69270031738282, -158.88302197265625, -106.37852429199219, -214.75637994384766, -216.25676071166993, -246.15428479003907, -251.20925952148437, -271.7502746582031, -295.67626252746584, -309.34320538330076, -317.3415642089844, -345.5070845336914, -353.42320831298827, -380.10010827636717], "correlations": [-0.02800990284241581, 0.11751271426227113, 0.25802320907132886, -0.05775604559716833, 0.05185902327734365, 0.12809890179337532, 0.12489540797262583, 0.09023820411327763, 0.031785321186371, -0.04623541403165467, -0.06583295958927246, -0.10219707685896821, -0.1489016370398859, -0.15671789575633457, -0.14737610902791534]}