{"epoch_losses": [-16.28766935634613, -81.42135876464843, -97.27535195922852, -117.97139001464843, -130.32726037597655, -144.56810174560547, -115.04427453613282, -42.83623876953125, -74.69277734375, -94.98920831298828, -149.56544787597656, -182.55738696289063, -176.94057537841798, -129.88423645019532, -162.88995458984374, -156.81594036865235, -203.46123083496093, -214.49105725097655, -212.27322619628907, -231.44462158203126, -204.98485144042968, -179.98019775390625, -167.51417065429686, -173.044224609375, -174.15731274414063, -164.34616552734374, -148.92831567382814, -183.85634643554687, -172.62746801757814, -181.5986494140625], "correlations": [-0.04430792490198759, 0.22568032801441776, 0.17654567176406105, 0.1533837110572806, 0.14735459899924652, 0.1657979569453525, 0.08900946432687766, 0.08247954070099836, -0.020263087367963062, 0.018585191977720343, 0.05063592399131396, 0.0742746019689594, 0.061912701752354, 0.0614119292767448, 0.04507468244376174, 0.0587923374599925, 0.03773628270292761, 0.04838332300237802, 0.07941994641686528, 0.07941904363315169, 0.10242644291206877, 0.09254059867734483, 0.11900246115063794, 0.10011487447528583, 0.09523994093215199, 0.11522127979559288, 0.1132244819314573, 0.1492876865918842, 0.1643556596275159, 0.16155656811321095]}