{"epoch_losses": [-50.4151799955368, -41.172488403320315, -2.8319653930664064, 9.70797900390625, 0.306013916015625, -0.0371514892578125, -0.21747894287109376, -0.35487518310546873, -0.5952462158203125, -0.9580574951171875, -1.4229979858398438, -2.1895899658203124, -3.4303916015625, -5.482112548828125, -9.034554565429687, -21.083952514648438, -108.9062368774414, -179.25892272949218, -248.9460805053711, -298.0052697753906, -337.120513671875, -342.6653387451172, -351.89091247558594, -363.03499365234376, -354.8345893554687, -343.3398056640625, -347.7505344238281, -368.8842421875, -379.8740920410156, -389.9784442138672], "correlations": [0.01625247715431518, 0.1662616313438375, -0.02938840849736713, -0.07692035729900895, 0.2678712902328604, 0.26383997384162267, 0.19640960370880298, 0.16339447952858996, 0.12705251535777004, 0.06652379797776571, 0.008256317758698211, -0.0018224401800513846, -0.01672357444206997, -0.002550185348290946, -0.030905845756006477, -0.004001954432381898, -0.028238630726231475, -0.1858874216445799, -0.18229981169610562, -0.12735984315496107, -0.05281332858117926, -0.12740209169565078, -0.14121148172689058, -0.10300541134388908, -0.049468379461600265, -0.020847034048858158, 0.013274127049909434, 0.010009134861754023, -0.003509444212565636, 0.015028825140271979]}