{"epoch_losses": [-0.510023826599121, -5.64422599029541, 8.678250610351563, 14.553342074394227, -9.939553395748138, -17.090449279785155, -11.003763092041016, -2.9956499938964845, -7.456234527587891, -0.9532423400878907, -5.104446533203125, -23.43175231933594, -27.320771423339842, -31.062090354919434, -39.70404594230652], "correlations": [0.0541698324915455, -0.08254541053697395, 0.079107244446126, 0.08035361980192032, -0.07442431404557649, -0.06222668302982472, -0.01328935288107831, -0.033678774720216964, -0.019765087944360084, -0.01674850627498449, -0.003966117251389773, -0.041367239391557335, -0.07579161909242092, -0.056334798122921276, -0.05816875893319697]}