{
    "epoch_losses": [
        -101.76780397605896,
        -220.85978540039062,
        -311.10211486816405,
        -461.9852257080078,
        -616.2026613769531,
        -775.723228515625,
        -854.1490991210937,
        -821.66496875,
        -1042.2271215820313,
        -1278.7997978515625,
        -1405.156314453125,
        -1531.93565625,
        -1667.7132607421875,
        -2033.8148754882814,
        -2438.6937568359376,
        -2976.7961728515625,
        -3293.758290527344,
        -3526.5044013671877,
        -3583.0308232421876,
        -3771.7031884765624,
        -3961.9648095703124,
        -4151.4798125,
        -4336.808775390625,
        -4519.652140625,
        -4700.894537109375,
        -4878.785048828125,
        -5056.153267578125,
        -5282.7756875,
        -5414.197490234375,
        -5588.459185546875
    ],
    "correlations": [
        -0.27718757566986657,
        0.36367780375353975,
        0.07879209064617179,
        0.040418315270356935,
        -0.272959917245447,
        -0.20661897397477397,
        -0.18110255308270776,
        -0.1616779859597688,
        -0.14601542282043975,
        -0.1297420317458794,
        -0.121571928620939,
        -0.10955696555516375,
        0.08428972240650304,
        0.37348531255900547,
        0.46058080607536045,
        0.4833423997392476,
        0.41988019992560943,
        0.35987412799317375,
        0.454163676257153,
        0.4849943887150969,
        0.48267005810288127,
        0.4807030356636006,
        0.4785820655843742,
        0.4787581901004999,
        0.48239592789119723,
        0.4819142914836407,
        0.48394204184226597,
        0.48387288331406436,
        0.48352493893597187,
        0.4848477623782995
    ],
    "accuracies": [
        0.4655,
        0.6725,
        0.5355,
        0.5375,
        0.3975,
        0.434,
        0.435,
        0.438,
        0.4365,
        0.441,
        0.441,
        0.443,
        0.4785,
        0.649,
        0.7265,
        0.744,
        0.706,
        0.6725,
        0.726,
        0.743,
        0.7415,
        0.7405,
        0.7395,
        0.74,
        0.741,
        0.7415,
        0.742,
        0.742,
        0.742,
        0.743
    ]
}