{"epoch_losses": [-69.3907321858406, -154.75765814208984, -151.5574849243164, -171.05112536621093, -195.4892576904297, -224.5397049560547, -104.72381866455078, -198.77958660888672, -236.6134478149414, -294.6765852661133, -312.1142977294922, -343.47089697265625, -370.526150390625, -368.06998541259765, -402.77860095214845], "correlations": [0.1238381732042976, -0.06045009194875753, 0.33248771796960674, 0.14578455708614182, -0.035307205173903254, -0.010632418119062612, -0.03885404199627216, 0.24931615914618097, 0.04634466930736321, 0.09862347065954587, 0.10861124112099586, 0.0686858167622381, 0.23790487636140276, 0.1367062670866709, 0.12730442937162723]}