{"epoch_losses": [-87.54921539354325, -170.61808526611327, -195.3720344848633, -217.26686608886718, -244.75122555541992, -262.18573822021483, -286.2969748535156, -311.7747874755859, -335.7131307373047, -347.77332470703124, -361.37606469726563, -374.03769274902345, -389.2160955810547, -410.8283248291016, -439.820931640625], "correlations": [-0.047417599657488735, 0.25201399252819023, 0.3113935359494802, 0.23317645680803145, 0.19460708491011522, 0.30172810431939917, 0.31649470171434685, 0.33139678592517713, 0.31686294650335867, 0.28844146281593347, 0.23811797763684736, 0.17442360458288003, 0.17656772077014096, 0.1670295477183411, 0.15561471977337102]}