{"epoch_losses": [-83.59800253915786, -162.4998928833008, -196.87199072265625, -197.84588256835937, -223.30306915283202, -247.539955078125, -269.6912260742188, -270.51593740844726, -241.74412298583985, -231.2802724609375, -249.5953503417969, -264.33638549804687, -260.175029296875, -274.5032823486328, -266.0719609375], "correlations": [0.06950334545862161, -0.08022433069874581, -0.0016206805502119944, 0.11403058367912214, 0.1288179694266955, 0.14745569159855534, 0.1369990688344294, -0.08995331385903052, -0.051248640712679504, -0.045423007255776526, -0.059254041780262195, -0.05771693991783061, -0.0484580115997041, -0.02240364464137393, -0.012150649776708225]}