{"epoch_losses": [-2.700089464187622, -29.018262218475343, -48.722880981445314, -29.64682778930664, -36.015302490234376, -36.4492282409668, -25.576858306884766, -26.75847509765625, -23.60913912963867, -33.876683074951174, -36.61367855834961, -52.34225420379639, -60.57382388877868, -74.32223477172852, -81.87424566650391], "correlations": [-0.04447817456363112, -0.11429219088822884, -0.06095142923833975, -0.024553709519931254, 0.07873541443264266, 0.1372393893993205, 0.1369246885900822, 0.06734519506408773, 0.15340887589432492, 0.13322713180239065, 0.14598124474356686, 0.22632191656758793, 0.2392613598614626, 0.21420505337168524, 0.22369955866533417]}