{"epoch_losses": [-64.7122530465126, -155.26105572509766, -187.09472857666015, -216.51788323974608, -237.30036682128906, -260.53439501953125, -286.7047938232422, -305.3549704589844, -323.8132969970703, -346.5460968017578, -366.3447337646484, -386.68761560058596, -402.601740234375, -428.3531419677734, -444.1373703613281], "correlations": [0.1088808022019229, -0.020045516469180777, 0.02270978379944697, 0.28403366281428766, 0.2654103240186085, 0.26016197276711295, 0.2380263293927361, 0.21335001301993436, 0.20954046467377896, 0.15911700729214362, 0.15687186962102245, 0.15504648082513167, 0.19697821807841784, 0.1860190076240812, 0.17957828236252252]}