{"epoch_losses": [-28.3437091422081, -98.62288034057617, -88.64997412109375, -83.54624139404297, -124.84072058105468, -126.23887640380859, -83.31806365966797, -127.0731572265625, -133.69783154296874, -140.36070068359376, -165.6595616455078, -181.83215563964845, -219.66828649902342, -228.20986584472655, -237.25523742675782, -256.18163793945314, -264.2632326049805, -283.94393133544924, -297.41384301757813, -313.07548205566405, -330.66137475585936, -346.8244035644531, -361.45755395507814, -375.8313221435547, -386.4532321777344, -411.72973388671875, -405.67810583496095, -434.174828125, -446.4441125488281, -458.33795166015625], "correlations": [0.07710506139986657, -0.05717640846357593, -0.046071896108678026, -0.059352613976700684, -0.03668958055092006, -0.018880840002807788, 0.03839138354697922, 0.08770712684622459, 0.22922350542153264, 0.2312215990444479, 0.23376546304367343, 0.22875981706551987, 0.21761027678282102, 0.1809695735851518, 0.1719794431771627, 0.1065567490062389, 0.07815443568385282, 0.045600448396528236, 0.050791541380119445, 0.048293400662110054, 0.03934711183841271, 0.02823085075263079, 0.02189254800819967, 0.03091720362260032, 0.04052995711415358, 0.05573167205191087, 0.07304379113197275, 0.10481572190899259, 0.12184699362059054, 0.11719498887047111]}