{"epoch_losses": [-49.75894796299934, -145.35368087768555, -181.59962506103517, -208.40373974609375, -236.8767781982422, -256.54874468994143, -280.0920284423828, -295.83444995117185, -321.0311123046875, -338.5090373535156, -358.13893591308596, -377.54003735351563, -396.6524617919922, -415.37338659667967, -437.5993101806641, -456.0919013671875, -470.3351052246094, -488.23518481445313, -472.33162219238284, -426.2281608886719, -422.6764494628906, -500.2735554199219, -534.3650456542969, -496.4519150390625, -550.7779291992188, -580.7867043457031, -602.1854953613281, -550.5853605957032, -563.64157421875, -671.4416845703125], "correlations": [-0.0026196951656915156, -0.3261272153501425, -0.3611854171752012, -0.11930814440591365, 0.11046687112388433, 0.20873090953965537, 0.1884224571670852, -0.18308985640398898, 0.341648700996611, 0.36570346566055223, 0.37868525922654583, 0.37460046773452654, 0.3127716583997604, 0.323446225176655, 0.31804066735416014, 0.26578999746814064, 0.23867356666826478, 0.24101413892401355, 0.22138118282404748, -0.0066907326197720995, -0.009252151600088753, 0.04347872986775042, 0.10938556830800271, 0.12016410134145471, 0.11517653758193958, 0.12968520194661895, 0.1680201228469896, 0.25843118940556037, 0.09404944127809516, 0.3227616999315315], "accuracies": [0.466, 0.342, 0.3445, 0.48, 0.58, 0.6015, 0.6055, 0.4125, 0.676, 0.689, 0.6945, 0.687, 0.646, 0.661, 0.6585, 0.6285, 0.611, 0.613, 0.603, 0.4765, 0.474, 0.499, 0.5355, 0.5445, 0.539, 0.5405, 0.5625, 0.602, 0.541, 0.62]}