{"epoch_losses": [-22.63192062520981, -90.91963116455078, -116.12117816162109, -103.89391583251953, -90.79930157470703, -72.23328497314454, -89.8797303466797, -166.41413720703125, -208.91329992675782, -222.90235272216796, -203.97807165527342, -192.12830322265626, -156.28989587402344, -181.84262365722657, -205.093533203125, -269.05154064941405, -232.33786962890625, -236.23910412597655, -237.34322717285156, -233.27071337890624, -237.09685046386718, -244.84540148925782, -246.4533165283203, -222.58746838378906, -219.25829418945312, -235.2445598144531, -241.67744116210937, -243.2869677734375, -255.1367692871094, -261.8868977050781], "correlations": [0.17443377577320252, 0.10446113213960312, 0.22510203659200925, 0.13437928932880294, -0.049148501120721194, -0.09839035212037268, -0.05397427394941675, -0.007280750388258033, 0.02915940973917728, 0.030106208573186972, -0.053345708793375836, -0.0633712210363173, -0.03539458655682851, -0.009542351035441946, -0.007157642511939333, 0.0843806694795669, 0.1511577366066024, 0.1089890934649192, 0.09973597769017406, 0.11418512122041787, 0.10960877079213864, 0.12605198230975206, 0.14208040876557687, 0.06299634991138192, 0.03211407650230773, -0.006770373347187159, -0.006505286638635573, 0.017435031248963027, 0.023897731718206992, 0.0266169406584003]}