{"epoch_losses": [-89.8872614479065, -164.27931036376953, -178.29570318603515, -191.75807348632813, -238.33519354248048, -232.26430310058595, -261.240546875, -285.8526051025391, -308.01370397949216, -317.80399060058596, -336.4282770996094, -343.0090994873047, -344.8425380859375, -380.1132669677734, -397.79239111328127], "correlations": [-0.17328337627284088, 0.020363609423227135, 0.04695572369413304, -0.0009411507537949208, -0.05246441105875648, 0.16349600966096528, 0.24299319191803978, 0.25842433915728935, 0.2553453832372035, 0.22734022963005088, 0.24526521473586285, 0.019041086366716867, 0.024442670434795526, 0.029047138619069247, 0.02154221687829228]}