{"epoch_losses": [-16.362301223278045, -15.499654052734375, -22.20747573852539, -3.1388603515625, -15.847692199707032, -40.08139859008789, -78.6331238861084, -156.54658395385744, -237.6125219116211, -283.00008483886717, -233.1329239501953, -235.73711193847657, -242.42608447265624, -238.0258251953125, -207.77012548828125], "correlations": [0.0016682598114652007, 0.07911931539603938, 0.1409693380400308, -0.1278866396092669, -0.13936622277666325, -0.12752550859621498, -0.09834420773720967, -0.06955839735162818, -0.014691677336606817, -0.03626698409102117, 0.05385365758175227, 0.08981813153689296, 0.02347029934974618, 0.03812335444423796, 0.04808905024161824]}