{"epoch_losses": [-30.351251863479614, -1.1898087158203126, -0.9297469482421875, -2.325547332763672, -14.356787261962891, -37.59438664603233, -95.51747708129882, -152.37392907714843, -186.18503399658204, -202.9621099243164, -218.57549072265624, -241.67845458984374, -244.85011999511718, -262.0517708740234, -190.47773107910157, -165.51911047363282, -180.72580737304688, -179.32768029785157, -194.8444246826172, -225.7618465576172, -220.86567846679688, -212.5673701171875, -257.00289013671875, -269.0014735107422, -308.72525854492187, -321.84606713867186, -350.9230363769531, -410.0012746582031, -402.4572835693359, -439.31326806640624], "correlations": [0.027540549429611098, 0.017150583604464427, -0.04179590712348681, -0.050115946054300343, -0.01416466524643273, 0.08399641494207268, 0.04776883281606033, 0.14876816741460347, 0.1550278355073899, -0.021826272666425877, 0.04936168901768234, 0.24830982075951993, 0.2558220684348709, 0.266041618951596, 0.15987645204823303, 0.11131083513259649, 0.14104190049916762, 0.15771054944870128, 0.13592019147296558, 0.16202045297783257, 0.14902163441205038, 0.14052541994328366, 0.15955026941055547, 0.15918717438619784, 0.18352726186470436, 0.19369972139833877, 0.18968320670003183, 0.17037613180955893, 0.17741413114763754, 0.19901036348328355]}