{"epoch_losses": [-36.603041076660155, -86.99100787353515, -100.75722967529296, -125.91957904052734, -134.52492572021484, -151.52553936767578, -166.75792193603516, -184.51996813964843, -200.1804519042969, -213.38657202148437, -226.215109375, -238.97649291992187, -251.47779345703125, -263.7239168701172, -272.3975625, -287.81789904785154, -299.70359729003906, -311.5438582763672, -327.3183726806641, -340.0263835449219, -354.88628356933594, -376.4295827636719, -385.1589842529297, -390.2438920135498, -420.7852622070312, -438.58364184570314, -457.30763598632814, -462.5971025390625, -477.61281567382815, -489.80960473632814], "correlations": [-0.009449026162974267, 0.099925450191414, 0.026101391342627206, 0.26075368717497505, 0.2548533794066511, 0.26640644586128676, 0.2915491336157355, 0.2920585584180363, 0.2846155932319185, 0.27735112105101517, 0.26142738483168426, 0.2157140033377354, 0.19329477017736224, 0.19035805642132772, 0.21740411303544668, 0.19295622336736637, 0.18809877321786617, 0.15612278677905314, 0.140085828016727, 0.14584625834637419, 0.13381060908230527, 0.15009378085480649, 0.1368149766403274, 0.08410107222328723, 0.09440791327363672, 0.0812322493474424, 0.10509644958023862, 0.16077764110584705, 0.1634274249195503, 0.17614750280355906]}