{"epoch_losses": [-50.16377997016907, -160.00874523925782, -179.810078125, -215.24776147460938, -244.37625616455077, -267.74246380615233, -292.6121925048828, -314.8813558349609, -336.577732421875, -354.35548168945314, -360.4900649414063, -363.84681896972654, -378.6865129394531, -399.9255616455078, -428.2235476074219], "correlations": [-0.037552815500701026, -0.12419343828384279, 0.04398141404898256, -0.08740179401673027, 0.1531206617903782, 0.22767106836560952, 0.21877894175288282, 0.21680425687666008, 0.18138898880043494, 0.1890279987884407, 0.14217216530506988, -0.06064499209980279, 0.029062565114907745, -0.12817433779199958, -0.16852927551826424]}