{"epoch_losses": [-78.38186434459686, -159.85194790649413, -183.18276153564454, -197.98881121826173, -227.71153106689454, -242.1156164550781, -263.1668399658203, -282.4320969238281, -304.4801401367188, -329.1827346191406, -351.4661867675781, -378.42535888671875, -398.3251402587891, -424.3391031494141, -443.49489880371095], "correlations": [0.05852028872291179, -0.07438423285731656, 0.2820382044914362, 0.3465384363370624, 0.35918948715510185, 0.36977102842083276, -0.006898277016850303, 0.0801462652109146, 0.044933896915420615, 0.033778917966020595, 0.05477995443871417, 0.11330723127544289, 0.15603395451828042, 0.18743148589965647, 0.17210584173168303]}