{"epoch_losses": [-0.9146801085472107, -14.797900283813476, -0.2859095153808594, -3.5613016052246094, -28.048447209358216, -78.93726179504395, -91.14420083618164, -42.71760949707031, -24.368132263183593, -42.79684216308594, -54.787200561523434, -68.18500427246094, -89.79590502929688, -97.02831982421876, -102.34420343017578], "correlations": [0.06386081604754526, -0.07002034559489471, 0.04949943796796052, -0.06191713341246379, 0.03577410573699989, 0.05372752687051939, 0.06084985557458451, 0.10332710652790028, 0.03768185624164303, 0.07875060558634932, 0.0673184536961973, 0.13379319112385116, 0.18081806523732205, 0.17388637650746755, 0.15114961769734184]}