{"epoch_losses": [0.1990972580909729, -0.6013154258728027, -0.6606463470458984, 0.1695855097770691, -32.28645960998535, -35.696347946166995, -29.750733795166017, -34.04203964233398, -44.35800610351563, -47.71765295410156, -48.697708984375, -41.437473205566405, -41.21922039794922, -37.67055322265625, -41.619977600097656], "correlations": [0.16316467508932572, -0.0962747956070023, 0.11477702700232788, 0.07610927660009267, -0.03951949893247744, 0.07065695237398491, 0.05507596272488996, 0.07855877715944957, 0.10280890680531712, 0.0917542177006226, 0.09023843477600534, 0.12241965045047618, 0.03807164577571274, 0.05778266102739252, 0.02901676452805263]}