{"epoch_losses": [-57.1205479311943, 1.6912905578613282, 0.11339727783203125, -0.27730999755859376, -1.179857177734375, -3.236589111328125, -12.494394897460937, -153.67599742126464, -222.02364971923828, -268.76838049316405, -335.3832375488281, -326.6246251220703, -230.69026330566408, -237.66376232910156, -239.8424451904297], "correlations": [-0.10932999733154834, -0.1687179473498911, -0.017452885110546143, -0.02661835908799084, -0.02690427927881751, -0.016229436143140718, 0.024275917700360194, 0.027538557316724298, 0.09003168183406425, 0.07132565386061157, 0.06608201490261238, 0.029706235556246973, 0.13966294509707822, 0.14831282557851075, 0.12710639551134326]}