{"epoch_losses": [-0.009688602924346925, 1.8047642517089844, 0.5401837673187256, 0.47860170364379884, 0.02791077709197998, -2.270779631614685, -3.9593983821868894, -4.101052348136902, -6.926234992980957, -16.21613050842285, -25.726695892333986, -2.4459418487548827, -0.15042645263671875, -0.11625677490234375, -0.1252938232421875], "correlations": [-0.3002196980856471, -0.039322756404632606, 0.08328132117102384, -0.20997660841021434, -0.13098043240295892, -0.001076879065492938, 0.13383259716805387, 0.1370965107957359, 0.15558937475880746, 0.31800407741245, 0.3651132748590412, 0.010336061045732566, -0.17044088702024904, -0.20083668240522506, -0.1789316514014712]}