{"epoch_losses": [-27.03088852596283, -87.93227813720704, -78.386634765625, -112.51380364990234, -150.57413641357422, -168.13617938232423, -183.51017901611328, -200.8960173339844, -213.18676574707033, -227.50608520507814, -244.28926135253906, -257.98918908691405, -271.65475305175784, -285.1223192138672, -298.34289306640625, -311.3881877441406, -328.1503640136719, -340.63714831542967, -345.4718699951172, -349.2179045410156, -356.54909106445314, -368.15835913085937, -379.69788891601564, -391.1418244628906, -402.51561865234373, -413.789447265625, -425.0130769042969, -436.15933056640625, -441.6426669921875, -435.50281591796875], "correlations": [0.04027824949319836, 0.11953642870608952, 0.21798002140961883, 0.04978215135893948, 0.0611750829969291, 0.09266943067835087, 0.08427803609055191, 0.11041109591144277, 0.13024694371089685, 0.09983910466500316, 0.11431854932109055, 0.11711545494691962, 0.1262292394446221, 0.11371420677898532, 0.10169863300326258, 0.10116769040607712, 0.0949147191798636, 0.0631692833975694, 0.06529506560812702, 0.07440078662460789, 0.0955656671554629, 0.08578487022606843, 0.09379153594820797, 0.09034958016917849, 0.08331275975448968, 0.06477781524711908, 0.04971894561751415, 0.07620273832271778, 0.07518920369619746, 0.07547798585695013]}