{"epoch_losses": [-33.458912751197815, -87.42269137573243, -79.48988818359375, -119.65434259033204, -148.81712860107422, -161.53473583984376, -179.88341680908204, -201.57705529785156, -226.38633471679688, -208.262240234375, -178.2895361328125, -240.97651721191406, -265.47707092285157, -278.929892578125, -292.4279278564453, -305.54659436035155, -314.79154113769533, -327.4905485839844, -339.8233604736328, -352.1184154052734, -364.22238842773436, -376.16988671875, -388.15340771484375, -404.81176318359377, -416.70347607421877, -428.4269978027344, -440.23703515625, -446.53726171875, -463.52106591796877, -475.06314575195313], "correlations": [-0.0382102382672824, 0.22316575936886035, -0.06396354906275475, -0.07060175862400263, -0.01891948756142546, 0.2130559036149365, 0.18463260323471933, 0.1996648814555718, 0.19667536194898394, 0.20076218143560964, 0.13704054352526307, 0.20273957175297883, 0.21565317872872652, 0.2126114478050535, 0.20531468789586316, 0.21333542904352906, 0.211724528953375, 0.19260550644345617, 0.21102949192443618, 0.21016113565866512, 0.22107827852404155, 0.21331040828069978, 0.2167522113439721, 0.22303031662911443, 0.21645832568394638, 0.219651694704053, 0.21560863874334654, 0.20895146442714269, 0.21451177585150027, 0.21899703576070373]}