{"epoch_losses": [-8.402665521025657, -1.0798822479248047, 4.310067413330078, 35.59891909790039, 18.02845446574688, -15.021612157821655, -17.313360153198243, -23.0747587890625, -28.40891519165039, -36.24565307617188, -38.75317761230469, -42.1964189453125, -62.88780963134766, -77.85712542724609, -92.85802355957031], "correlations": [0.09543039676511428, -0.04120351819791617, 0.04242243460718314, 0.12853259498290576, 0.05941410842995874, -0.12614870756357377, 0.07670718216408796, 0.08823626506414915, 0.052523128098364825, 0.0228552287409897, 0.0037874410225658523, -0.02515295674119833, -0.02995302481225149, -0.09485098708696535, -0.14823071633396584]}