{"epoch_losses": [-29.085189002990724, -73.93361973571777, -182.16980160522462, -171.812896484375, -208.61196881103515, -256.9196940917969, -286.3837537841797, -306.4206765136719, -155.3084666748047, -5.56618994140625, 41.153968139648434, 36.45844213867188, 37.221809936523435, 37.07445007324219, 36.58526171875], "correlations": [-0.06541814286831613, -0.06427223375665718, 0.22944945975518719, -0.13749786310996714, -0.04409107248803201, -0.03891571583833281, -0.03527827502135601, 0.005643081411822607, 0.032463773194634525, 0.017089578427910396, 0.058627478229877045, 0.01642044591060483, 0.01054740861758838, -0.005755551589944378, 0.01655752158590851]}