{"epoch_losses": [0.8404199104309082, -4.592172561645508, 3.544739715576172, -0.41392222595214845, 0.6021329040527343, -0.5857657165527344, 1.0620697631835938, 3.873449645996094, 6.251876663208008, 4.913229614257813, 0.15410089874267577, -0.2585172004699707, -0.3557563743591309, -0.5120532195568085, -0.7151045169830322], "correlations": [-0.20783904818008025, 0.18408442219862223, -0.11457563282342899, -0.15776999339867198, -0.0648307720774078, 0.01222957546814336, 0.06572248444235568, 0.06130553440953856, 0.04891339116751679, 0.04567302401004524, 0.11686346092939713, 0.11800784913505849, 0.09007372006313877, 0.06514646101627362, 0.06642259207031617]}