{"epoch_losses": [-16.459995559692384, -144.55852717590332, -197.59444525146483, -192.1444125366211, -234.69448516845702, -264.04117517089844, -289.43808410644533, -305.90715081787107, -326.836998046875, -344.63794189453125, -367.85363195800784, -384.4689866943359, -406.9368151855469, -418.928982421875, -441.16099523925783], "correlations": [-0.023302545856180176, -0.12215843938630488, -0.019768102202418165, 0.002117479441832646, -0.001864141474667873, -0.01600749400162484, 0.1714510273463523, 0.21412971473149878, 0.25443580859250753, 0.26278531191119053, 0.27046949625322897, 0.2689801780677943, 0.2741886447353732, 0.2787966561712667, 0.27832698174570125]}