{"epoch_losses": [-25.036248084545136, -89.21326593017578, -106.45641827392578, -122.67287957763672, -82.30168884277344, -110.86868265533447, -105.86078509521484, -118.67549475097657, -119.55345812988281, -124.23682629394531, -136.82532446289062, -135.6570144042969, -149.27129223632812, -150.31983825683594, -163.88543981933594, -171.01511401367188, -171.35862072753906, -163.1722236328125, -187.28811694335937, -210.93679797363282, -232.88321984863282, -184.49464819335938, -139.627033203125, -100.9255146484375, -123.18912939453125, -193.03994921875, -217.94555419921875, -265.363583984375, -206.906927734375, -200.92706665039063], "correlations": [-0.05921238917439995, 0.27716070388079256, 0.04734789694650164, 0.04651316661573875, 0.02913265940873051, 0.1301965675057596, 0.1538302983600046, 0.16828447501830557, 0.1435655696757214, 0.13510755563331933, 0.11463527824718095, 0.10966565521168904, 0.09886712096021925, 0.11435541657860071, 0.1069207665038814, 0.12469301206685532, 0.10219961780864528, 0.09851815865618893, 0.07030600534762828, 0.0265284634263504, -0.024213348828979835, -0.07106628101088178, -0.09848821333621068, -0.08132941548491569, -0.0927436157666112, -0.14756644199976174, -0.11537424617651587, -0.11571923009314143, -0.11353913532578412, -0.08932263488752618]}