{"epoch_losses": [-13.379753759384155, -155.73942651367187, -191.42236071777344, -213.70029339599608, -247.00293493652345, -278.97515008544923, -300.4432905273438, -326.0790705566406, -348.7374313964844, -365.04222229003904, -398.33762768554686, -423.1932822265625, -424.74894860839845, -434.65008154296873, -446.67373376464843], "correlations": [-0.03301753799119722, -0.08005111175608012, 0.04556598100607781, 0.10985211916249812, 0.17260561648765066, 0.21912585525488382, 0.22708875376539087, 0.24058644786725186, 0.20749074604511447, 0.18359144597363714, 0.17774794714921704, 0.17498045057682848, 0.18106894720257313, 0.18030896657582196, 0.2328362183884613]}