{"epoch_losses": [-33.421563199996946, -89.7142880859375, -100.47731457519531, -125.2362592163086, -136.48267211914063, -153.42385235595702, -168.59163159179687, -183.81680065917968, -196.570869140625, -209.05058471679686, -221.2671007080078, -242.71942224121094, -251.58242639160156, -254.06255017089845, -220.26364807128905, -158.1221551513672, -192.21204040527343, -202.80270263671875, -210.22854223632814, -217.73278588867188, -225.64268896484376, -233.6527119140625, -242.58692517089844, -258.2075068359375, -329.55593957519534, -359.25645068359376, -385.11077905273436, -363.601748046875, -368.0656472167969, -400.5284270019531], "correlations": [-0.2554391627903657, -0.05967903787050414, 0.0027097686714517752, 0.046439112264985094, 0.05551298411399162, 0.08403835016222254, 0.07350550080939938, 0.07478280880082573, 0.07615031421112814, 0.07045388125498486, 0.07528856258567948, 0.08000881857650897, 0.10127124091120768, 0.0942802277290042, 0.12441598082988618, 0.0855052222584718, 0.08286860626198439, -0.15809346678697242, -0.12761429484803774, 0.07851425831134295, 0.08319262658045645, 0.0889169181026019, 0.0985857725984902, 0.1109897552226796, 0.10589856685537734, 0.017452055665978225, 0.025216963112916185, 0.07059119497638155, 0.0757265785034015, 0.10230250667034688]}