{"epoch_losses": [-0.01826653790473938, -13.486205905914307, -45.5221734161377, -58.89588168334961, -78.00217663574219, -73.52098062133788, -19.7052548828125, -0.5984965209960937, -0.082357177734375, 0.04656494140625, -0.16208349609375, -0.5714192504882812, -1.034191650390625, -1.5773331298828126, -2.321689697265625], "correlations": [0.0534951120968275, 0.047419012223750986, -0.08467972720096018, 0.16420208233672948, 0.19625155470266203, 0.16515504462527, 0.14141810753736853, 0.08933073442989621, -0.05988737521470786, -0.15985745147414052, -0.1782312002224202, -0.14219995390420984, -0.07722045396886443, -0.03630391503292685, -0.03082124932829283]}