{"epoch_losses": [-78.40370037651061, -165.07556591796876, -187.67752099609376, -218.33417449951173, -236.56616143798828, -257.9181860351562, -285.9146833496094, -311.55231506347656, -327.32488525390625, -353.2093262939453, -373.4204096679687, -393.2738084716797, -412.89273974609375, -432.2507664794922, -458.29862536621096], "correlations": [0.11533176387916155, -0.03265599413779055, -0.03920690012806117, -0.08775529056827437, -0.012008670940576631, 0.1412591915013904, 0.01872262910950112, 0.10557322676154356, 0.09713384966533468, 0.10994882244227823, 0.09665606705325815, 0.08311683917557892, 0.1448141876296774, 0.1476762782944046, 0.1565331548825375]}