{"epoch_losses": [-70.29672026443481, -64.3650185546875, -50.22586315917969, -72.79093064880371, -60.80771832275391, -137.69543988037108, -617.263370437622, -984.7964332275391, -1340.7559077148437, -1779.4606103515625, -2110.413608886719, -1904.9894962158203, -2297.732195800781, -2249.1744760742185, -2302.20165234375, -2719.4362314453124, -2953.0408681640624, -3275.219142578125, -3591.4463642578125, -3588.566970703125, -3266.3437109375, -3372.664857421875, -3478.357966796875, -3618.485322265625, -3757.514220703125, -3896.05718359375, -3986.826994140625, -3875.244498046875, -3954.273154296875, -4183.612203125], "correlations": [-0.2255603500701691, 0.10212010586573926, 0.10522116063669941, -0.07080161355630026, -0.08275052525449533, -0.7476875978481358, -0.6191754928088993, -0.40954384484867395, -0.21294111780698394, -0.027129243635232326, 0.024526607359771534, 0.029951906781041208, -0.0336851576414144, 0.044153370969279786, 0.05273684545244449, 0.03578366383635211, 0.06298122895256178, 0.04395735698083578, -0.047191385138343464, -0.048929762504649664, 0.3081645262992577, 0.23420506992137324, 0.25064686941912845, 0.20865175506963393, 0.15734082410166367, 0.12956383346455008, 0.12160536761957302, 0.12316689019936222, 0.11807283088409928, 0.11789224455924649]}