{"epoch_losses": [-49.46611458683014, -152.7503898925781, -177.2501146850586, -196.32557415771484, -215.07186993408203, -240.4514196166992, -261.0856116943359, -267.5863370361328, -306.7983190917969, -318.672076171875, -342.53603271484377, -365.26865539550784, -384.1754759521484, -402.90375219726565, -417.7850413818359], "correlations": [-0.07476529479025737, 0.030117044812948204, 0.3140539256313508, 0.23208498057602434, 0.19224621932649505, 0.17812380345334455, 0.18947655160087798, 0.1919175476673706, 0.19649543827137242, 0.10810823510024048, 0.24856686106650092, 0.2530775130522412, 0.25847122910866455, 0.2428276237337006, 0.22384500597652202]}