{"epoch_losses": [0.88527505838871, -15.030350764751434, -33.415282348632815, -38.60895886230469, -37.80746566772461, -51.71864813232422, -72.8145541381836, -87.51728680419922, -96.05289813232422, -107.18773052978516, -115.67512231445312, -22.437361328125, -0.052427490234375, -0.047492431640625, -0.05221722412109375], "correlations": [-0.16352457866011783, 0.21837748747450225, 0.21728193927428904, 0.2220058777368007, 0.08585710038493369, 0.0562451135331524, 0.10365074828775238, 0.10976740377390688, 0.1531761122627345, 0.138153188031598, 0.1680793632334176, 0.1559185712106554, 0.27541245289471583, 0.2163354957717482, 0.11874175801377757]}