{"epoch_losses": [-1.1379148437976838, -14.038788475036622, -81.34479885864258, -98.71589776611329, -142.98567233276367, -168.39369714355468, -173.85567114257813, -202.0661996459961, -178.77298303222656, -208.6446343383789, -234.42677923583983, -233.3397958984375, -208.517892578125, -189.41562854003905, -208.33718872070312], "correlations": [0.07009783474394927, 0.10431828598720008, -0.14808694720715018, 0.08828768911348889, 0.20741397888153998, 0.11233823573421892, 0.12763470401537283, 0.2136714895363878, 0.3265333508399604, 0.29781931044528087, 0.22744230527482076, 0.1984939206040346, 0.11169819462981947, 0.03188667006771398, -0.005673513011806393]}