{"epoch_losses": [-104.1219879398346, -329.69787915039063, -499.7051198730469, -739.9727873535156, -965.2702465820313, -1151.8056137695312, -1308.1229018554689, -1579.0382006835937, -1880.9155498046875, -2064.09471484375, -2300.7856708984373, -2497.87418359375, -2743.2833896484376, -2890.221958984375, -3136.982986328125, -3330.0843955078126, -3582.2355693359377, -3452.9950849609377, -3496.368341796875, -4118.16090234375, -4261.829447265625, -4287.80838671875, -4514.263072265625, -4698.396267578125, -4878.76138671875, -5187.467962890625, -3757.9837421875, -3894.128037109375, -4171.815236328125, -4601.15733203125], "correlations": [0.11480675444046953, 0.45330683141691325, 0.13834941624310793, -0.04770169763270255, -0.012318221002916178, 0.050016953109363486, 0.06005367325283871, 0.036323098988061644, 0.06005550214506426, 0.04199129970777331, 0.015826514142082374, 0.018327716962497968, 0.022746654562973326, 0.010425868860230674, -0.001300550579951671, -0.005597083932868498, -0.007356206533313123, 0.0038222145380542396, -0.02000250024108655, 0.010460546963891995, -0.052726713877341326, -0.11094042745289984, -0.0998736144285759, -0.05609107677299077, -0.036709197440559255, -0.026960301621109174, 0.01412655497839606, 0.019372446775420417, -0.023728002987301638, -0.1746514515173498]}