{"epoch_losses": [-0.9369412937164306, -7.259205383300781, -0.11494631958007813, -0.7412774353027344, -27.185156768798826, -66.35293869018555, -81.10294165039062, -92.82773388671875, -101.61006976318359, -115.37264331054688, -127.97744915771484, -139.44948052978515, -156.85189166259767, -153.5452742919922, -169.69321551513673], "correlations": [-0.2107950940480736, 0.2641218201102407, 0.1855418593951157, 0.20098985702689035, 0.2267868406654324, 0.23736599010045878, 0.27109833430340097, 0.23780028992259009, 0.24410185952253313, 0.2260602671204966, 0.2178407108302391, 0.20631435557598815, 0.1898749160919548, 0.17834411242663184, 0.16909870942276445]}