{"epoch_losses": [-84.38054006385804, -161.5186305541992, -3.638657958984375, -2.964279052734375, -4.996693115234375, -11.026717041015624, -23.462273193359376, -165.9061512451172, -561.53200390625, -356.3608830566406, -641.5589865722657, -906.2364528808594, -1212.8168981933593, -1920.49852545166, -2642.7340375976564, -2790.4286918945313, -3402.2634443359375, -3704.3882080078124, -3703.6394072265625, -3751.0682783203124, -4067.379509765625, -4168.49890234375, -4370.518689453125, -4411.09683984375, -4719.866365234375, -4770.72999609375, -5161.471166015625, -5305.5558984375, -5689.0538828125, -6025.821869140625], "correlations": [-0.36387267489104874, 0.2768008646276512, 0.2783308123830697, -0.26985576783782245, -0.34653263468240764, -0.3607983010404051, -0.2831123508699026, -0.1708956505403937, -0.006093593845501431, -0.022879352205318202, 0.11721393479845629, -0.08809781633955532, -0.30570978011315075, -0.2295687021379582, -0.22115202830640995, -0.14320977019401088, 0.000572612548671811, -0.06303347066801972, 0.45350329608327783, 0.4763762467841364, 0.5082305382243018, 0.5091672651201086, 0.5123323042176986, 0.5054965017136708, 0.5070587170083185, 0.3977146316380668, 0.4976480060289248, 0.5296899228242804, 0.5369840793495024, 0.5403441973634715]}