{"epoch_losses": [-4.960679801940918, 17.606151077270507, -160.38708657073974, -528.5619299316406, -727.4329670410157, -919.9028567504882, -968.5955568847656, -1292.58365625, -1576.1268071289062, -1629.4623891601564, -1602.136361328125, -1820.7815366210937, -2096.92903515625, -2156.877171875, -1398.1977607421875, -1482.2322626953126, -1742.6588232421875, -2233.280243652344, -2358.37871484375, -2510.5911875, -2640.1875126953123, -2734.563, -3023.2133427734375, -3132.663283203125, -3341.7868916015623, -3389.435154296875, -3324.7589833984375, -2562.3339462890626, -2525.2017939453126, -2639.62432421875], "correlations": [0.13223571117765892, 0.12581553454239625, -0.25224038658953124, 0.2639659402288775, 0.09650713709009943, 0.2802710069440163, 0.3344061647297661, 0.5480032634905854, 0.5068255508633708, 0.2663856375839031, 0.12017310368231689, 0.060198340674791045, 0.4890194148575289, 0.6452600272940378, 0.09570911548429263, 0.11638676852066214, 0.09944518702025529, 0.08257373560797568, 0.09667706709297658, 0.11210615592201364, 0.09599687880576034, 0.10572764105223782, 0.0951842562094963, 0.09321377729282566, 0.1043837925958393, 0.11287817397538402, 0.05851514011336827, 0.10241844086168791, 0.10415922516531032, 0.10167107260876516]}