{"epoch_losses": [-0.035321390151977536, -13.186128341674804, 2.566432312011719, 0.5483078308105469, 0.14713531494140625, 0.0443858642578125, 0.03074212646484375, -0.16013137817382814, -0.43664068603515627, -0.7955824584960938, -1.4534128112792968, -4.8591090698242185, -32.02883990478516, -59.824204010009765, -79.72781381225586], "correlations": [0.05109335094064458, -0.004859377195752358, 0.11792452888329268, -0.09393545818242009, -0.06693616941491812, -0.003342771686451783, -0.02085495110563783, -0.08839641908413422, -0.13964689439388162, -0.16248439678079063, -0.18358131916990425, -0.1885161201417713, -0.17343227179811138, -0.07481977006125298, -0.14943124106203945]}