{"epoch_losses": [-68.03259998178483, -156.96005261230468, -186.3505460205078, -208.61409552001953, -228.01654357910155, -248.50448791503905, -268.6046015625, -290.8588095703125, -313.1268873291016, -340.9403052978516, -351.5528603515625, -370.3446513671875, -385.37950622558594, -410.36997729492185, -428.4802043457031], "correlations": [0.015758444836387588, -0.07390425418446678, 0.18591188218878482, 0.33315267618156025, 0.2830683958561901, 0.28724428644509575, 0.2865139549402135, 0.2961121406025214, 0.2566915474821079, 0.21626305632620907, 0.18107198647473083, 0.21152049061404593, 0.20163316012906296, 0.2326275273915547, 0.20674697485065888]}