{"epoch_losses": [-16.791449002504347, -41.18823526000977, -53.24628289794922, -64.17751846313476, -71.71104336547852, -75.91505630493164, -60.308982391357425, -95.73320487213135, -96.26642471313477, -107.70761907958985, -120.07892709350585, -106.72448010253906, -121.94715368652344, -126.68990118408203, -133.2573477783203], "correlations": [0.06537805085857767, 0.19560905590047448, 0.08980357135613835, 0.08976039551054246, 0.060081978835883836, -0.12198372331122077, -0.18345874798219505, -0.16077805554477548, -0.05339285351356548, 0.13048935291992447, 0.07996807055194817, 0.170168188946737, 0.13198709354025767, 0.10897975164717216, -0.043891435070270705]}