{"epoch_losses": [-10.702745858669282, -65.16531161499023, -89.22914575195313, -92.32709802246094, -100.46058636474609, -143.8492196044922, -157.48118786621095, -171.15367761230468, -190.30058862304688, -204.86088635253907, -214.1041531982422, -211.87985974121094, -216.63297857666015, -242.48104571533204, -272.29308068847655], "correlations": [0.32032714453186245, -0.008191469186628183, -0.060778441118367395, -0.15173280293194136, -0.10215789920730818, 0.019328242642975432, 0.19072947603798507, 0.26543103878799984, 0.21335879229145036, 0.23336336481959666, 0.22442349973924955, 0.2168999339389014, 0.21874307334040305, 0.2063396824160185, 0.22368418513642485]}