{"epoch_losses": [-4.340168836116791, -10.603487548828125, -45.52810064697265, -48.32635256958008, -1.8388286743164062, -0.077951171875, -0.1047119140625, -0.0895211181640625, -1.3091875, -0.3319549560546875, -11.990920349121094, -12.558121948242187, -22.82731866455078, 32.89059973144531, -2.2262822875976562], "correlations": [-0.09280000247500302, 0.3006421425173933, 0.11610497829037288, 0.1655480821614144, 0.06190274634832234, 0.002281421169678475, -0.06337487476526717, -0.05109828825722709, -0.13441786167357678, -0.13537993257345654, 0.007361109720601726, -0.001740929476199415, -0.010839667191251741, 0.004501006234070785, 0.05031087699957729]}