{"epoch_losses": [-15.983103281021117, -87.5228967590332, -115.9525881652832, -135.22228890991212, -85.95685137939454, -87.9856303100586, -97.95510150146484, -99.15887744140625, -111.96036474609375, -116.77116467285157, -103.868076171875, -97.30493212890624, -117.49004650878906, -137.81137615966796, -163.25420977783205, -197.2946876220703, -231.922501953125, -257.04463415527346, -297.9536962890625, -325.1578303222656, -342.9859180908203, -360.85606469726565, -376.0205174560547, -388.87084948730467, -392.4662615966797, -409.804732421875, -427.4594423828125, -440.91624658203125, -459.0886706542969, -466.65454089355467], "correlations": [0.040806099696131824, 0.09163693059900672, 0.2242048232579873, 0.09856843070988455, 0.01895259247692243, -0.04169208414187484, -0.04525228317789495, -0.052302105408359695, -0.03428644153497307, -0.07275308230410446, -0.039583582539531245, -0.06382616355575725, -0.0353513076664864, 0.0077704497197601564, 0.0589179213770269, 0.06741296592933255, 0.16228890269656024, 0.16890169852430575, 0.21314070228533372, 0.22604367536013983, 0.19924701131858139, 0.18824012592627254, 0.19884770793196305, 0.19058637592174324, 0.1753147454501369, 0.18484176912224465, 0.196727922749535, 0.15443966124266695, 0.14178642253244234, 0.14419429352725457]}