{"epoch_losses": [-67.12078388118744, -122.29482861328125, -172.14659466552735, -186.29338928222657, -188.8602993774414, -233.0137088623047, -261.21037365722657, -302.41411193847654, -328.4562442626953, -344.69984228515625, -368.3106605224609, -395.15122985839844, -407.92584484863283, -432.5419852294922, -452.20134826660154], "correlations": [-0.06818152733633252, -0.0885227065111628, -0.05061463758555586, 0.15995254659509983, -0.1090698353354815, -0.10393331140834142, -0.10287813163408546, -0.06683514252962229, -0.06318581110422658, -0.05664691325252325, 0.06894610245252417, 0.1295313661329818, 0.15485655743668936, 0.13395143994502662, 0.12522557266843548]}