{"epoch_losses": [-40.858294547080995, -105.75436633300781, -123.281251953125, -138.21168627929688, -148.95875158691408, -172.97813677978516, -192.23995983886718, -181.53703601074218, -173.1667247314453, -203.47401599121093, -180.57802551269532, -202.82052783203125, -210.02534399414063, -223.64890551757813, -234.1788212890625], "correlations": [0.04067681445828147, 0.08636260579602001, -0.07932352547220269, -0.07508124403395228, -0.06916521584283906, -0.03845338411022764, -0.01835386064516399, 0.03316962200248591, 0.05334637655452904, 0.0009962231734284204, -0.04989743624817715, 0.008806724257973103, -0.01295024960704653, 0.011986964820891564, 0.024050593778630402]}