{"epoch_losses": [-11.60044023990631, -43.91211109924316, -59.83116995239258, -70.66666638183594, -80.3783784790039, -89.71978332519531, -92.7245269165039, -106.2635668334961, -114.85075030517578, -121.72581097412109, -131.52882220458986, -141.42741851806642, -146.03356109619142, -138.36245513916015, -64.94006677246094], "correlations": [0.044190930621501014, 0.09786308503455134, 0.13987285480773154, 0.115482136880351, 0.12268003118768621, 0.13039877019907906, 0.14154058991379775, 0.12979703269708556, 0.14464538422755782, 0.1589699158815524, 0.16731555062888223, 0.15270371938542504, 0.16635890914771986, 0.14821979652281742, -0.07107307759163793]}