{"epoch_losses": [-7.761037704467774, -16.35318815612793, -5.392418678283692, 1.4382560424804687, -0.370000732421875, -0.4869286193847656, -1.04117724609375, -2.3583108673095703, -5.904398872375488, -18.119996512413024, -61.55819526672363, -74.74244241333008, -0.10388226318359375, -0.4490153198242188, -0.5515294799804688], "correlations": [0.14798587538893762, 0.11435952425953655, 0.05372438799475224, 0.13516092969993077, 0.22246358346670866, 0.2798626913500925, 0.2575389338257314, 0.25464209878163474, 0.24512993466985336, 0.2402595683829022, 0.22382540693956796, 0.2450645643821481, -0.2724409221306294, 0.3046879041828937, 0.28383316507217987]}