{"epoch_losses": [-23.309845985412597, -86.74262847900391, -69.44425756835938, -101.3025672607422, -120.59672882080078, -137.1489723510742, -146.19889788818358, -160.15801586914063, -177.71299584960937, -192.77799780273438, -188.16464782714843, -216.28662646484375, -218.4157452392578, -232.7884177246094, -245.75382153320314, -259.1392117919922, -271.22214428710936, -275.13950268554686, -291.2294571533203, -308.44378942871094, -315.2080544433594, -324.04794177246094, -337.25496508789064, -343.13503930664064, -352.9492282714844, -363.4157658691406, -374.2559333496094, -393.25192333984376, -403.4640202636719, -413.85525537109373], "correlations": [0.1934033057380179, 0.2458888314837641, 0.2096153919506243, 0.0028293055081513646, 0.14080517122364788, 0.2612600265829721, 0.08688217414158547, 0.09012894969287115, 0.12275834798145277, 0.1246480101948301, 0.1652847622917485, 0.15522577458299447, 0.12183626534768657, 0.10832698648407978, -0.0071829630645827, -0.008252321102431676, -0.01730627298863561, -0.06346123777888707, -0.09930177882236442, -0.08989765618811828, -0.04779235353081866, -0.021758701836376786, -0.0031380778309525736, -0.0025444489346160486, -0.004857305835806905, -0.01856799587620255, -0.023043143207473537, -0.011458804244493173, 0.0037016632875082086, 0.0017170518839594695]}