{"epoch_losses": [-79.45699343633652, -109.77062884521484, -0.06291143798828125, -1.2851766967773437, -4.1734117431640625, -17.37731115722656, -152.10683703136445, -267.9414395751953, -291.5737376708984, -312.645341796875, -334.6403972167969, -354.88260986328123, -388.4197247314453, -406.8669757080078, -420.93157861328126], "correlations": [0.03517894132595992, -0.10622974465431802, 0.04444240089032938, 0.18379217949723886, 0.18303956495903748, 0.1668852336851254, 0.15334087793207388, 0.15768872448910834, 0.08928130268823115, 0.07857527460329931, 0.06171997939574847, 0.054650592844599964, 0.05924976447928841, 0.07344181582747518, 0.04865255095942007]}