{"epoch_losses": [0.18871238684654235, -5.045033645629883, -5.575421066284179, 0.16372488403320312, 1.7885427856445313, -0.8951726379394531, -27.06215668487549, -70.99025653076171, -92.36928741455078, -93.18018017578125, -89.92959875488282, -97.00219848632813, -65.83238836669922, -57.994883056640624, -46.81213537597656], "correlations": [0.07787427562350786, 0.12731367568069812, -8.83969294095372e-05, 0.09876681652685103, 0.03619811374614073, 0.12101254148319655, 0.14420720118355307, 0.06425220453197068, 0.22199972285120986, 0.19601526344593156, 0.1731955501177825, 0.17488196293336003, 0.16922521185784278, 0.14846328207106374, 0.14226892863131363]}