{"epoch_losses": [-83.13466576194763, -154.32240924072266, -190.1436336669922, -207.36772247314454, -239.36262268066406, -267.7056423339844, -256.9852399902344, -285.62483508300784, -309.9487060546875, -334.43169299316406, -352.3874880371094, -371.7502395019531, -390.0605330810547, -411.20463134765623, -432.49035028076173], "correlations": [0.04745030056191744, -0.05581972055180218, 0.23544417639482187, 0.21640275507237905, 0.23505193535414126, 0.16452919360513918, 0.1503077832851113, 0.16651995358516897, 0.12419286917806466, 0.08576950341143191, 0.056826992994338646, 0.07381099033196302, 0.016018258353827666, -0.012037294733508855, 0.03993919735135333]}