{"epoch_losses": [-76.99616393756867, -134.64192260742186, -166.19125579833985, -205.42199798583985, -229.15157489013671, -254.94250860595704, -278.5932052001953, -299.7258498535156, -320.5309575195312, -346.6024431152344, -369.82228723144533, -390.03503991699216, -409.94216442871095, -429.5532487792969, -448.8924891357422], "correlations": [0.15405206190555465, 0.1309210652051275, 0.1527165379319499, 0.0835953833130675, 0.02253891851277971, 0.14440828067612196, 0.15089273965358208, 0.16241500791050173, 0.14015755525873272, 0.10322094846330483, 0.09347831723595715, 0.10279575470815817, 0.08539195019429137, 0.07324205032642513, 0.06977503896231696]}