{"epoch_losses": [1.9203301718235015, -0.20208708190917968, 0.11903672409057617, 0.5383380584716797, 2.710896475315094, 0.7259229794740677, -6.917432418823243, -2.9394287872314453, 0.48408770751953123, 0.017140716552734376, 0.030585479736328126, 0.0352711181640625, 0.025463226318359376, 0.011913177490234374, 0.0032060546875], "correlations": [0.136744714884901, -0.2663876971837147, -0.016062288448282686, -0.2398007532076711, -0.13491968039283533, -0.06982369425363609, 0.05496660486001412, 0.050379613716799186, -0.10532896064970947, -0.22408376817315145, -0.17382717588363442, 0.09818447255025263, 0.0966818953031484, -0.00906783669753615, -0.11240579955840788]}