{"epoch_losses": [-28.06056763076782, -108.82388757324219, -127.12291870117187, -142.94280181884767, -163.8030855102539, -176.82285668945312, -15.934016479492188, 16.237911743164062, -3.1091292724609376, 20.932873168945314, 15.933984252929687, 39.320339111328124, 18.826552490234373, 15.37174755859375, 22.876939208984375], "correlations": [0.035834983079370185, 0.2287826509044482, 0.1400561863311472, 0.1359916045297312, 0.0973279606080153, 0.09846101858879401, 0.0552601087310482, -0.14193039997888274, 0.04686734860286897, -0.004574287160350685, 0.012168847291291264, 0.002078159012606887, -0.0011882984310035757, 0.035659758322149154, -0.015889482340060015]}