{"epoch_losses": [-89.80274000167847, -155.9549210510254, -191.04056860351562, -207.17146160888672, -212.65354223632812, -228.04539184570314, -228.43761047363282, -268.12505450439454, -315.39364770507814, -332.7531101074219, -362.4423280029297, -385.830720703125, -402.8217843017578, -432.8186629638672, -456.2875886230469], "correlations": [-0.11123780036405422, 0.16227964504551468, 0.25996667679402974, 0.18934501945166105, 0.20608353901953794, 0.17784337508583645, 0.1852156626894024, 0.14343542745072332, 0.21119793019310784, 0.1958436700182734, 0.20882452664697954, 0.19169053485991275, 0.22151227971595097, 0.232780753752349, 0.24020504980227933]}