{"epoch_losses": [-21.333591089725495, -16.05306555175781, -1.8229554443359375, -7.502515899658203, -14.507483446121215, -53.67285230064392, -113.7655775756836, -179.16611462402344, -171.41057104492188, -196.51252282714844, -232.6974606323242, -252.81416723632813, -267.98088873291016, -303.23484118652345, -309.27352416992187], "correlations": [0.06349664763167974, 0.2299123565076074, 0.009366095007227196, 0.013947712096129132, -0.1489676989062763, 0.15258895131627462, 0.02265377058488438, 0.19704726139990775, -0.04308472984217337, -0.18280183942179215, -0.01354669589669142, 0.10646482806250042, 0.09011736247996287, 0.11282870359346803, 0.06674690094817622]}