{"epoch_losses": [-7.281491813659668, -31.95861053466797, -51.161382904052736, -71.12951550292969, -80.14200930786133, -86.51101446533202, -99.04353295898437, -108.03471258544921, -119.82478155517578, -133.16429632568358, -146.86352532958983, -152.6478765258789, -172.38930920410155, -167.98325646972657, -146.07134698486328], "correlations": [-0.23606072638214265, -0.11754184353631753, 0.20092012664490336, 0.07482372849388498, 0.17402611922552147, 0.21081170794959023, 0.23384939622733783, 0.23202374192828717, 0.2384734681475219, 0.2359396182941929, 0.24545127516208717, 0.1833265726056226, 0.16276922636846644, 0.1648327537909093, 0.17862148930351665]}