{"epoch_losses": [-8.04900736618042, 2.482251647949219, 0.7952889099121093, -0.02284417724609375, -0.16585104370117187, -0.36222760009765625, -0.6273450012207031, -0.9637377624511718, -1.3730270385742187, -1.9597864379882812, -2.8599781494140624, -4.2553466796875, -6.632415283203125, -11.175056732177735, -21.315214904785158], "correlations": [0.03985225419193066, 0.09428369166870508, -0.0705227627222333, -0.06552412708735264, 0.0008536175819390602, 0.08501402837817587, 0.11234046363801942, 0.11075282163022694, 0.1043024709153137, 0.07566674641684665, 0.033300257167483166, -0.009985546005596918, -0.024641900543021997, -0.055556895247122276, -0.07464022168181476]}