{"epoch_losses": [-23.441910057067872, -99.9758483581543, -120.61805810546875, -134.92447412109374, -146.02150396728516, -170.19836669921875, -182.67367401123047, -196.90276098632813, -213.38450891113283, -221.80562670898436, -244.13947601318358, -256.67669189453125, -269.8279389648437, -283.43713061523437, -296.6142967529297, -302.63270361328125, -313.22052685546873, -342.65374475097656, -355.8588572998047, -384.95131970214845, -381.5632746582031, -355.7183671875, -296.60341943359373, -337.6228981933594, -393.0673879394531, -400.780564453125, -426.5923068847656, -427.4743234863281, -482.0122980957031, -462.3124890136719], "correlations": [-0.14716655042036364, 0.17542461134491788, 0.25269405088776026, 0.23782640968628865, 0.1865201199617981, 0.19202593757297812, 0.20216871245107765, 0.21483014566118, 0.22118141786553125, 0.228183703242516, 0.19488056794322, 0.211603998465572, 0.20613851987910314, 0.2230846796068104, 0.22901610000608308, 0.22412832143477682, 0.22040960446821503, 0.20989632089847104, 0.2239276052107343, 0.22767310982185307, 0.24105293150435267, 0.2320990495592685, 0.19488325750290178, 0.2050691381228776, 0.24051974303415985, 0.248122523689909, 0.24307375887139798, 0.24736675012844284, 0.22727935434330554, 0.18955588029594472]}