{"epoch_losses": [-93.44954761028289, -159.7021934814453, -186.34644458007813, -208.87075616455078, -234.66159295654296, -261.2992038574219, -282.69207458496095, -308.52730346679687, -318.81442126464844, -341.5476893310547, -357.8845010986328, -335.10238256835936, -347.3626218261719, -405.4146598510742, -412.5874278564453], "correlations": [0.024517078192989938, -0.046322155312092925, 0.0330591531630364, 0.2656313009807366, 0.0950316931679947, 0.16800683873025815, 0.24250213018857766, 0.26491829798138367, 0.18363304846865983, 0.1114592386088222, -0.05091506479722559, -0.06639022731232821, 0.10077554368978829, -0.0730151074047597, -0.08385833884099839]}