{"epoch_losses": [-7.157479846477509, -0.00918701171875, 1.217212646484375, 2.2924686584472656, 0.04599392700195312, 0.07635159301757813, -0.18460260009765625, -0.844624267578125, -2.4687633056640625, -6.9377095336914065, -15.601872680664062, -33.660752180099486, -55.61200110054016, -68.25017028808594, -69.3410364074707], "correlations": [0.0017819773631657064, 0.1259994869410844, 0.08789987482009923, 0.12203524073976713, -0.21343512542730964, -0.1253696978664413, 0.03669957673444069, -0.06984766692946169, -0.11031438678230285, -0.11327901404084355, -0.09601076940936223, -0.053807299840000794, -0.04644883685333439, -0.047189911953499704, -0.08619241694437255]}