{"epoch_losses": [-12.807986629009246, -39.75129838562012, -48.075539520263675, -11.779686889648438, -8.65950341796875, 6.192389953613281, 56.43490255737305, 72.80127969360352, 55.92563192749024, 49.073940002441404, 36.87382846069336, 24.861374504089355, 8.896453556060791, 2.1345378375053405, 0.7900062713623047], "correlations": [-0.07493891867423791, 0.29434435246154045, 0.35537207703545465, 0.20212257114224255, -0.11951263000062587, 0.10568808593467897, 0.11276499063780204, 0.11422402740036079, 0.1099825086058911, 0.12445062062709497, 0.09616953182918202, 0.1151668191380481, 0.08733463602403438, -0.017593973929001597, -0.0045531646057450584]}