{"epoch_losses": [-92.88199187660217, -134.8773706970215, -189.29809881591797, -215.94070611572266, -240.3970096435547, -264.7604669189453, -285.95732342529294, -309.65973022460935, -289.8444077758789, -346.7454658203125, -370.49934313964843, -364.1187335205078, -351.22075524902345, -367.33832653808594, -385.9840379638672], "correlations": [0.028953163263452944, 0.20844707889040245, 0.1699676495580845, 0.23291538638334022, 0.2520270774963184, 0.25538077109639545, 0.26966382988589865, 0.24437884056305662, 0.10598728313663211, 0.19841898516244966, 0.20940588852913944, 0.22251124267087483, 0.1403023311433995, 0.15357009096947988, 0.1482346454525785]}