{"epoch_losses": [-34.070494792938234, -96.99926812744141, -120.68559643554687, -136.12475567626953, -160.96493359375, -176.59215008544922, -189.68638604736327, -208.7830538330078, -218.689083984375, -232.61402990722655, -246.32773962402345, -259.89462329101565, -273.36144799804686, -286.609623046875, -299.6945029296875, -235.5836788330078, -190.14538513183595, -200.55274682617187, -211.99341430664063, -206.46624829101563, -239.0219461669922, -287.8047537841797, -306.7048671875, -349.98107153320314, -356.24079345703126, -379.059267578125, -439.97951049804686, -408.694998046875, -420.58722229003905, -301.84314404296873], "correlations": [0.0819744531874833, -0.026843870048137885, 0.06868653873388432, 0.08429407013500574, 0.020382074425270073, 0.1184361277477469, 0.12027493344443783, 0.08144629138815432, 0.14786760101067128, 0.18025085727586343, 0.19885693598297746, 0.2252985067123895, 0.23283712581397106, 0.22087624792476845, 0.1950724079482488, 0.19235812961185791, -0.028247306961499543, -0.00820640494780374, 0.0804977184975427, 0.0787688571458223, 0.09539659481560384, 0.18024809705744443, 0.16599565034237915, 0.17733544191496042, 0.19972724819766205, 0.19448981144019856, 0.21483565447147346, 0.18825950652356915, 0.17097881000860912, 0.16071352216041415]}