{"epoch_losses": [-75.74313213729859, -150.62555380249023, -123.65878002929688, -161.60495092773436, -212.8395284423828, -255.99140643310548, -283.70630053710937, -309.6264302978516, -332.2780693359375, -354.0154775390625, -375.314962890625, -396.0694921875, -416.26239990234376, -436.2667702636719, -456.13339221191404], "correlations": [0.12329364001798482, -0.061702916221627165, 0.010041962248320161, -0.010482870618220114, -0.016157101402038854, 0.2587015681348611, 0.30705781475422184, 0.27418406467997036, 0.2832734147444201, 0.28641657738698034, 0.284251545530351, 0.2860246515060749, 0.2670224198385646, 0.23011759430528428, 0.18706177701588872]}