{"epoch_losses": [-65.47593826770782, -142.38054357910156, -182.6058594970703, -213.0850895385742, -227.62220764160156, -249.51227188110352, -269.8858583221436, -303.410651550293, -328.57658093261716, -345.349680847168, -272.0263620605469, -306.59222668457033, -348.2767452392578, -376.2392861328125, -411.09292834472654], "correlations": [0.0014875544556375109, -0.08195447222474005, 0.1718758167646214, -0.047770804134830695, 0.11569187530881365, 0.1044786060052644, 0.06558089792225409, 0.05746506101758262, 0.08340632022609948, 0.12060981691578111, 0.08287008434097251, 0.053569774582060393, 0.01778177655157126, -0.003654771505418007, 0.006306185844047334]}