{"epoch_losses": [-13.907507034778595, -39.86240071105957, -50.706161071777345, -56.736826904296876, -64.48999993896484, -73.18891275024414, -81.91647497558594, -88.12888806152344, -90.0024917602539, -89.36568438720703, -98.57085998535156, -108.13898669433594, -112.67655883789062, -37.307170654296876, -1.995785888671875], "correlations": [0.06509816621015324, 0.2505026096982819, 0.14360967871524113, 0.12872479456987806, 0.09157500817671707, 0.08158271114726832, 0.12596863285496585, 0.06804310114325676, 0.06852428912536515, 0.06688084580597978, 0.07620545724881345, 0.09300176994744212, 0.11678847094974545, 0.08365506917161573, 0.008205109880057694]}