{"epoch_losses": [-2.8953774840831756, -2.3526925811767576, -1.1528102722167968, 15.480428161621093, 26.627680936813356, 1.4959188852310181, 15.752157333374024, 16.12442755126953, 12.386946502685547, 6.499238773345947, 1.419483148097992, 0.4645023217201233, 0.20466026687622071, 0.12495989990234375, 0.057256301879882815], "correlations": [-0.16344512597805227, 0.19648428793517234, 0.1498949174420185, 0.12088278005512977, 0.02432911991016254, 0.19594847149040492, 0.04810817742570279, 0.010147008989262313, -0.05351213289509571, -0.10627904876871665, -0.16444378476536053, 0.045484946737379094, -0.11389065501761532, -0.03922918714082684, -0.023893292557685027]}