{"epoch_losses": [-89.51778615665435, -165.57500048828126, -144.05488275146485, -0.4911904296875, -1.4241124877929687, -3.1616346435546876, -7.191912719726562, -41.103634643554685, -191.32733612060548, -255.69918353271484, -302.58998645019534, -300.9613275146484, -330.09442932128906, -346.47274084472656, -367.2897493896484], "correlations": [0.027493296283735175, -0.07140331923071966, -0.07826352081404701, 0.04970625564152572, 0.060556308637914884, 0.057570132387484194, 0.0585106255635083, 0.047418472025611454, 0.05015705508396901, 0.17040037029164304, 0.1423438241769711, 0.17470177431706105, 0.1949991113628744, 0.2211345069827208, 0.20189561882718426]}