{"epoch_losses": [-21.195560762405396, -15.59658218383789, -3.421689147949219, -72.10795674133301, -125.69258001708984, -142.07065881347657, -151.7955227661133, -161.67623022460938, -187.14880554199217, -196.25592529296875, -220.78572583007812, -241.0216748046875, -257.98437670898437, -271.6826534423828, -285.3036396484375, -298.5937257080078, -300.08397424316405, -319.03890270996095, -338.97746484375, -351.7267628173828, -364.2566864013672, -376.5713327636719, -384.68651586914064, -397.0369880371094, -409.97836291503904, -420.3421784667969, -431.92250805664065, -440.36641735839845, -456.3134340820312, -464.85915234375], "correlations": [0.008655028481626867, 0.21542274330692313, -0.02590607756426423, -0.07008466717006163, -0.012330988790571441, 0.05823842088215912, 0.2329501857273017, 0.2987471962997522, 0.2700780252815226, 0.25130332012835505, 0.2701400119873877, 0.2771929667514689, 0.2583274805723152, 0.25418944041007696, 0.24709580300556638, 0.2477443626599691, 0.234440516739533, 0.21873349074258014, 0.14299251503784985, 0.1351029592089001, 0.12248566330634969, 0.10897734232563544, 0.09731359934562626, 0.10694169664998843, 0.11713149279678314, 0.11187385705046599, 0.11414416127048191, 0.11513983474486315, 0.11500977304646663, 0.13649907980575915]}