{"epoch_losses": [0.6557614946365357, -25.413596893310547, -320.5923047180176, -531.4259835205078, -764.1866711425781, -1018.1395786132813, -1160.4946396484374, -1196.698275390625, -398.6731440429688, 0.547974609375, -1.3712646484375, -2.6406494140625, -4.0317373046875, -5.7604189453125, -7.9773193359375, -10.9120205078125, -14.2682138671875, -18.3355205078125, -23.116861328125, -28.6221669921875, -34.7555078125, -41.711029296875, -49.927369140625, -58.883318359375, -68.71948828125, -79.196361328125, -91.6131171875, -105.84219140625, -121.54546484375, -140.021322265625], "correlations": [0.06455946431695117, 0.23003945819964097, 0.06898702113155268, -0.2581542523635657, -0.07421208279531512, -0.06664053413656731, -0.015092157830390555, -0.11556560713288506, 0.019354952151038357, 0.011050544691157177, 0.16021052141641776, 0.03908737605611833, -0.007128443257836791, -0.004500136703697955, 0.00901896800475583, 0.02372064743650905, 0.03513046015400435, 0.04550913199081763, 0.05491773989844671, 0.06670051735008399, 0.07470463163028972, 0.08448819362092651, 0.12759104897958382, 0.14178398234699136, 0.14630701991468864, 0.14930454407777957, 0.15066329538074497, 0.15023866436502653, 0.15353210978709886, 0.15719805001529416]}