{"epoch_losses": [-17.285048272132872, -24.1913561706543, -26.610113189697266, -42.19947171020508, -58.54908184814453, -57.76974935913086, -53.190610168457034, -35.50643872070312, -47.47844741821289, -41.495160766601565, -35.05801312255859, -45.295677490234375, -52.29620238494873, -51.79896997833252, -78.4703041381836], "correlations": [0.07088303628949667, 0.16862877502418455, -0.16988638799094039, -0.1155776907353796, 0.14602158343092184, 0.15252394528349192, 0.08987885456051453, 0.08813314994477771, -0.31888899919129604, -0.0032127875618660853, 0.02486484980933978, 0.05545594630196129, 0.011403521749456138, -0.05387481154850271, -0.0005763269187856151]}