{"epoch_losses": [-81.7775205783844, -143.59449047851564, -160.6179211730957, -190.06185610961913, -227.72199896240235, -253.30609741210938, -274.76501684570314, -295.62070568847656, -316.0242955322266, -335.7291994628906, -355.8015382080078, -378.35767309570315, -400.8127709960938, -419.91186389160157, -438.7552589111328], "correlations": [0.1637750527603132, -0.055298102069142735, 0.30405958470268424, 0.1927438918818075, 0.20933065971113146, 0.2357437140947851, 0.2647773376763506, 0.26466460511204565, 0.25886311448823923, 0.2618317861638644, 0.2711296429721813, 0.27990995100276883, 0.2783679225570003, 0.2769481365286971, 0.263869772671124]}