{"epoch_losses": [-23.86136302280426, -98.91373077392578, -114.16670306396485, -131.37105377197267, -147.87938049316406, -162.253576171875, -180.70123461914062, -194.90845458984376, -208.88916333007813, -219.72796252441407, -233.13987182617188, -246.26740686035157, -259.1916616210938, -271.9269393310547, -284.49498706054686], "correlations": [-0.08447569453072279, 0.10513951207614333, 0.11283077620666791, 0.11243812179344231, 0.10705240819560596, 0.12014743948912184, 0.1698841328364734, 0.1988068024603621, 0.203408352177266, 0.2082271159849431, 0.18168495693136907, 0.18312122185919574, 0.18098935585736298, 0.16514478513806718, 0.1534507992299644]}