{"epoch_losses": [-51.43499190139771, -121.35157717895508, -171.08048257446288, -188.48660321044923, -191.99639453125, -225.774064453125, -251.77864050292968, -263.69264086914063, -225.58562280273438, -208.49264489746093, -79.9029033203125, -83.662783203125, -84.06116357421875, -94.23419775390624, -98.38006884765625], "correlations": [-0.03433162415365038, 0.09887465084825682, 0.19360447297799047, 0.19363869532436964, 0.25782847131811265, 0.3482779580360577, 0.3489237620945409, 0.3759744073759308, 0.372368341266315, 0.36313541626202267, 0.35595205470279156, 0.36436284804473207, 0.3780088288842147, 0.32654747406608065, 0.31842749410370674]}