{"epoch_losses": [-65.81772675275802, -140.4064924621582, -189.67298614501954, -220.87477661132812, -242.52134686279297, -269.2105145263672, -289.28469006347655, -310.9353933105469, -332.1187004394531, -353.0758408203125, -376.3168312988281, -396.5566994628906, -416.4955335693359, -436.15017578125, -455.5528349609375], "correlations": [0.19814438259987038, 0.10424594227303492, 0.21402799607757655, 0.10659101764402883, 0.13289662110072464, 0.08357943379682319, 0.041901612357023325, 0.0431422675409924, 0.04168504267089319, 0.06521638348109612, 0.06918868263439808, 0.04831917244488957, 0.04438525144298348, 0.06207300642179482, 0.0765805024705263]}