{"epoch_losses": [-6.2989613085985185, -75.07361894226074, -77.89794253540039, -84.35901184082032, -109.64708584594726, -76.41892755126953, -97.78613781738281, -108.02481787109375, -115.21550213623047, -96.41320220947266, -84.68494470214844, -93.93536410522461, -107.95054479980469, -140.66660339355468, -160.56790966796876, -198.23098767089843, -216.08629782104492, -235.52295096588134, -217.15571912574768, -212.8217550354004, -237.28729382324218, -265.52418054199217, -290.795596862793, -363.5847006835937, -406.8380355224609, -432.3071107177734, -339.5782048339844, -165.28572607421876, -107.21348107910157, -182.223759765625], "correlations": [0.061775777097536115, -0.10361681657821548, 0.03651834498383418, -0.32305014175991886, -0.1856288745490161, 0.1444568495853547, 0.12240136165879614, 0.128486175184719, 0.22868033541937657, 0.09154306410693398, 0.09382164232390874, 0.05856449439221611, 0.01745252006202414, -0.00018427945344151305, -0.025513974521530827, -0.009873269161686151, -0.024233811250091962, -0.00576649858289972, -0.04636348883010654, 0.008551791926390164, 0.012103874925222987, 0.0512934959556326, 0.08123890357868623, 0.12978417574442336, 0.11432410363176089, 0.012430092466077387, 0.1847290972022034, 0.05875144710330384, 0.0815179864086428, 0.07945148299795039]}