{"epoch_losses": [0.3772740242481232, -1.8654466667175293, -1.953901870727539, -7.313099098205567, -16.269704620838166, -27.19513441467285, -14.982266235351563, -21.515912078857422, -26.492601318359377, -31.678650451660157, -28.024101135253908, -35.9454443359375, -38.746300109863284, -33.35619549560547, -24.807559387207032], "correlations": [0.12397788544762578, -0.12588097370091, 0.04711471847663489, 0.05304830163491787, -0.06669923716197611, 0.018867660680868252, 0.004007402017916566, 0.07715421953150492, -0.046589321911889595, 0.007350976838721868, 0.07089844936194316, 0.1451189793266946, 0.18622212884952039, 0.21376802065429423, 0.19749549531050434]}