{"epoch_losses": [-68.72376006317138, -21.23410820007324, -45.30867504882813, -160.33827111816407, -153.33609356689453, -164.70944720458985, -223.77803289794923, -265.8472570800781, -292.1278718261719, -307.54815063476565, -318.81588708496093, -342.91328381347654, -369.68313220214844, -389.3585163574219, -411.6807124023438], "correlations": [-0.04817743058932142, -0.15786250237339472, 0.054104865135459604, -0.17737055897595244, -0.2754249170656057, 0.2046418608790751, 0.017349820165160183, 0.17730181875244297, 0.18725041539108161, 0.1763069069931856, 0.18423985055392444, 0.13854791945630857, 0.1277204114087355, 0.16120418864800062, 0.15418837943980684]}