{"epoch_losses": [-38.543974675178525, -40.23993058013916, -156.198486907959, -177.5620887451172, -94.9384180908203, -123.90450952148437, -199.76994451904298, -202.81537817382812, -253.11047454833985, -257.3850372314453, -266.8915870361328, -232.66149096679686, -225.58106726074217, -213.05879956054687, -211.79472314453125], "correlations": [-0.14058265272109713, 0.0705564443165091, -0.04067730558732416, -0.05626258801136422, 0.03625659642851958, 0.003015917085516738, 0.009040654906091149, 0.015352719531399639, 0.07171972388326588, 0.03673139947298297, 0.024316670498932214, 0.02605035229095357, 0.023581636081795674, 0.05863363391203256, 0.06506644188053289]}