{"epoch_losses": [-69.1968648428917, -151.35195404052735, -191.89861639404296, -216.13815368652342, -234.692994140625, -253.76580743408203, -286.4890262451172, -310.3046260986328, -331.4270815429687, -357.81104345703125, -378.52541174316406, -398.96759313964844, -419.0945402832031, -438.92625451660155, -458.515671875], "correlations": [-0.017260061683350692, 0.1862515865430473, 0.006043334500071199, 0.06014759007532754, -0.03772193591983735, -0.01675205097706167, -0.029858800870621743, -0.04063461322869061, -0.0394953293081561, -0.05351559339301827, -0.05609771937515491, -0.07398394192858189, -0.06347757744400193, -0.06164569843167554, -0.03776809195552809]}