{"epoch_losses": [-95.14891384220124, -173.97285467529298, -196.1663704223633, -218.87616528320314, -244.27938299560546, -265.7496647949219, -286.92497790527347, -312.8283446044922, -330.8130076904297, -348.2257911376953, -349.18549682617186, -387.4983515625, -415.6804117431641, -432.88424450683596, -452.8166130371094], "correlations": [-0.12513300098044747, -0.055665788636007976, 0.1692718465638149, 0.2457771800175147, 0.3072628538986887, 0.29189986509413307, 0.291499562010338, 0.24261810403284936, 0.21442261894679016, 0.21423759138789633, 0.22214888431803947, 0.20127848572098986, 0.22145238970649977, 0.1816764015049009, 0.12584188061023333]}