{"epoch_losses": [0.16014379858970643, 0.027181449890136718, -0.15560513305664062, 1.3870082550048828, 0.21036135864257813, -0.2866663970947266, -0.6420663452148437, -1.0951994934082032, -2.087122146606445, -4.468814765930175, -11.368278760910034, -44.7264285736084, -83.29698295593262, -97.11973501586914, -109.86279275512695], "correlations": [-0.010680820435376121, -0.15979589385591114, -0.013802423369528808, -0.14666605284783335, -0.03294084416628161, -0.28394816025495573, -0.25538436830209427, -0.24331576616148734, -0.26081129732916325, -0.21794794156894376, -0.15212656921530401, -0.060684784094750366, -0.03842269047458437, -0.004814229193343723, -0.10782866403549465]}