{"epoch_losses": [-74.8047387008667, -295.3637490234375, -9.743893310546875, -39.290384033203125, -47.739387939453124, -112.89691650390625, -179.74452758789062, -61.9883857421875, -51.066491943359374, -179.8350695800781, -205.03952185058594, -160.1097592163086, -250.9287082824707, -400.0970177001953, -615.3859056396484, -938.2957739257813, -1432.4421218261718, -2070.7501271972656, -2591.992978515625, -3021.081854980469, -3028.767857910156, -2960.404314941406, -2898.3581564941405, -2333.7985244140623, -2079.615430786133, -2061.87468359375, -2106.5270024414062, -2164.3357421875, -2270.841786621094, -2395.3219477539064], "correlations": [0.3233865899965691, 0.2682488227127746, 0.11501693736154209, 0.07043479477874824, 0.05078521828916932, 0.15312441382568262, 0.11047546202812338, 0.1125084427881904, 0.19477564835393124, 0.17613603145661433, 0.1336075394806673, 0.15675208936733426, 0.16586390458759578, 0.15455916824612723, 0.1527227210292796, 0.14504293856368308, 0.09337670499980753, -0.002728979377883709, -0.13755005685663918, -0.20489530460865382, -0.17580313052059676, -0.3381906745804833, -0.026603190364432174, -0.22095458955743452, -0.3860679359401554, -0.32832557833857207, -0.2880213147543293, -0.29468481581199063, -0.3104610972987147, -0.32426293739501416]}