{"epoch_losses": [-31.39421096897125, -100.63361456298829, -112.05540844726562, -134.10650347900392, -150.36871655273438, -166.49525958251954, -187.3699024658203, -204.2505819091797, -197.24827587890624, -89.80009924316406, 0.744175537109375, 4.109399658203125, -0.120629150390625, -0.2243779296875, -0.315683349609375, -0.36103955078125, -0.5073514404296875, -0.7735093994140625, -1.202579345703125, -1.8128477783203125, -2.5865933837890625, -3.242682373046875, -4.576550537109375, -6.122463134765625, -8.40476806640625, -12.676743408203125, -20.24067138671875, -33.40303509521485, -61.5462932434082, -95.38294715499877], "correlations": [0.13168494884462273, -0.006735611336688079, 0.12838874167453082, -0.008108852989528808, 0.03699355295501122, 0.019446732190086868, 0.0034497852105511723, -0.03389472871831057, 0.0033130184565183522, -0.16713695277924712, 0.0737214415775095, 0.07505209399078698, 0.10812810277479348, 0.09318028398076532, 0.13383611390704278, 0.16379655188351402, 0.1847461198298562, 0.19939157047636788, 0.20017490538133964, 0.20984469884986476, 0.2076290557247276, 0.18932093596282745, 0.17287399401767176, 0.1469836185603659, 0.11880018641866862, 0.09978980268423135, 0.09092143528630238, 0.08469740000072076, 0.046058075372420466, -0.00030222375556530754]}