{"epoch_losses": [-6.934082535266876, -77.9103935585022, -126.07792379760743, -115.03567358398438, -145.5399287109375, -135.54278515625, -142.70614959716798, -170.67166174316407, -195.4406209716797, -200.00726000976562, -200.35614685058593, -217.36433056640624, -234.80994909667967, -246.5514844970703, -265.3241241455078, -277.26987866210936, -297.2405700683594, -324.2910438232422, -337.06140686035155, -345.7830076904297, -366.5137186279297, -374.81081884765626, -387.3361297607422, -400.78653173828127, -414.83408349609374, -435.9298971557617, -462.7575517578125, -488.5436287841797, -492.130681640625, -526.5653969726562], "correlations": [0.14027637407581073, 0.11217212318664836, 0.13246514270144874, 0.0278690265428248, 0.05777216332564277, 0.09592251137565445, 0.11378125739642371, 0.1222465330845087, 0.142631020474002, 0.14493343941781703, 0.16618542503079511, 0.1737361678084307, 0.20570905449009913, 0.2155822218981877, 0.19172868572961252, 0.20890443847842605, 0.17875927731093091, 0.17800888962131162, 0.15247220637425116, 0.12299162593116277, 0.11124185346990434, 0.09332128520704773, 0.08232969677603261, 0.07030597827119577, 0.05439664612690244, 0.05813048626295662, 0.05959179300984258, 0.11828723770664641, 0.18051826869467796, 0.15867832685351876]}