{"epoch_losses": [-23.966024770736695, -132.21550035858155, -307.74371716308593, -535.9725029296875, -743.165150390625, -904.0314409179688, -1068.2472294921874, -1269.0130537109376, -1464.8948979492188, -1569.571990234375, -1705.47103125, -1852.3904208984375, -2044.70548046875, -2196.9377060546876, -2316.596701171875, -2460.0556826171874, -2603.5354970703124, -2745.1103203125, -2885.561013671875, -3058.976978515625, -3200.290267578125, -3340.09294140625, -3478.691724609375, -3617.495802734375, -3756.968771484375, -3895.77812890625, -4034.149568359375, -4172.999236328125, -4428.85208984375, -4404.16373828125], "correlations": [0.22905020064721893, 0.15795512187000005, 0.4590658635240528, 0.16815296326870804, 0.2778424513956504, 0.33716489555089546, 0.4762117636796122, 0.5273161925825023, 0.5271450289492261, 0.45183054145214613, 0.324508740622496, 0.26069410061510406, 0.28575095598356565, 0.2024076744696625, 0.16594832839296786, 0.14744267429748045, 0.11674277666186204, 0.1129899570845331, 0.1066160144576917, 0.1125928235601166, 0.11530269256211233, 0.11660529857214187, 0.11498787614350792, 0.11869513713987467, 0.1251069927079168, 0.12374285308974967, 0.11883767994341883, 0.12244312038237616, 0.10044070487296784, 0.080029621908044]}