{"epoch_losses": [-70.75402352905273, -163.16167037963868, -201.41480792236328, -225.56695294189453, -251.10894873046874, -278.00830560302734, -298.1021096191406, -324.9928244628906, -346.7981290283203, -365.15239306640626, -389.07282641601563, -412.81991235351563, -433.2855780029297, -456.90351647949217, -469.63637646484375], "correlations": [0.05965179921530036, 0.04357797520448053, 0.18266209334445152, 0.06931566888066877, 0.02689459241354894, 0.049397912713573015, 0.05285276535485406, 0.062008470615408, 0.056254581961759705, 0.04651345028562845, 0.05723299641967977, 0.08355227329733038, 0.08851881733288473, 0.0840094249520092, 0.07375931666553072]}