{"epoch_losses": [-11.424761953353881, -81.3495101928711, -116.19124145507813, -134.3732254638672, -152.2895037841797, -178.17637701416015, -187.1413701171875, -211.44907580566405, -226.15274035644532, -217.21003662109376, -167.09703063964844, -155.4941134033203, -166.77801806640625, -181.32447595214845, -189.82171032714842], "correlations": [-0.041649999395503026, -0.2328592045690381, 0.20317548317993836, 0.12646728673446314, 0.06980593770025327, 0.08992340910014647, 0.08897828440850769, 0.08518169845503996, 0.06731747181618972, 0.04950526331246078, 0.026328730143242034, 0.07529086643059162, 0.129306937264111, 0.11250760759724526, 0.10934331996187818]}