{"epoch_losses": [-83.60932725524903, -107.85638385009766, -166.34138540649414, -157.19758319091798, -211.1701866455078, -241.4398046875, -252.8845357055664, -272.10339782714846, -283.74598388671876, -305.39035083007815, -326.75891284179687, -351.1673044433594, -369.54459216308595, -390.92651586914064, -412.2195190429687], "correlations": [0.06253302138969055, 0.15101731885211186, 0.20371478689134911, 0.16228127736507286, 0.04654179778126233, -0.13137096379682217, -0.1290433277227296, -0.18165493496134047, -0.19641913470849318, -0.20476760533045013, -0.21028439106843388, -0.19766117530741814, -0.18904601502850682, -0.19096176113673255, -0.2075207735825234]}