{"epoch_losses": [0.33031694090366365, -16.995788623809815, -27.81768500518799, -7.77126025390625, -3.421597686767578, -3.578403106689453, 0.1259969177246094, -5.877312316894531, -4.265674743652344, -5.65762060546875, -5.87007470703125, -6.4879546508789065, -6.958230346679687, -4.403939636230469, -7.785702392578125], "correlations": [0.1125925944289368, -0.08330178788766049, 0.042124959079054725, -0.009165459099271956, 0.07255311687696915, -0.00948920671617372, -0.01598246805312402, 0.04159517345722372, -0.04288982293403272, -0.23639570848521682, -0.3221782961773662, -0.3496475947637273, -0.3698657126800709, -0.3266003087749397, -0.14602802620150013]}