{"epoch_losses": [-90.93146497917175, -164.38234823608397, -113.27157369995118, -206.08469091796874, -238.61868060302734, -260.9860106811523, -287.28007214355466, -311.58915270996096, -333.1740615234375, -354.23743127441406, -374.8683610839844, -398.29796154785157, -418.41068603515623, -438.1979328613281, -457.72040100097655], "correlations": [-0.03363044042394771, -0.1366634746807422, -0.11842465703363506, -0.12921833260286703, -0.1108034429565137, -0.05339094138460084, -0.03637353841626815, -0.02460515690235426, -0.04761959735399219, -0.04247323369493477, -0.030045103433172553, -0.04551041254084387, -0.06254495682777414, -0.05521013407815143, -0.0737826783438814]}