{"epoch_losses": [-67.47513454246521, -59.44389569091797, -92.85016668701172, -146.16921618652344, -185.07548443603517, -213.07222045898436, -243.39516918945313, -269.66661389160157, -296.50986462402346, -285.85261755371096, -333.64183020019533, -372.45930114746096, -386.8005627441406, -376.64547521972656, -376.00053747558593], "correlations": [-0.016605028293237675, -0.002671405125902029, -0.05718379505387991, -0.09884626486352006, -0.1436661418251805, -0.14685298583054393, -0.14583480386382572, -0.13489322842897278, -0.11336609770284149, -0.0915065844698788, -0.1200288967610672, -0.04069165146374312, 0.026430981396925946, 0.12948739086663388, 0.1269420482551579]}