{"epoch_losses": [-9.010437451839447, -97.83695845031738, -122.90672027587891, -150.16437475585937, -163.35430291748048, -170.98418322753906, -185.64448364257814, -194.76414831542968, -214.58126318359376, -230.4412178955078, -244.05905944824218, -259.0804259033203, -270.8665126953125, -284.0568583984375, -294.22432177734373, -312.67248193359376, -326.6411204833984, -338.95638818359373, -351.32132092285156, -363.93811096191405, -376.18945532226564, -388.47279541015627, -400.62597973632813, -412.6944267578125, -424.6998181152344, -436.6547104492187, -448.49934521484374, -460.40501049804686, -472.5684990234375, -495.33241650390624], "correlations": [0.12447066637948377, 0.16114561405488734, -0.12487835227673263, -0.17294789953601097, -0.20674797993871036, 0.09084691193410845, 0.14560022576501905, 0.1493501870742994, 0.1132685124369153, 0.16186491777583284, 0.17061303699455813, 0.16679098790559208, 0.16338741814220853, 0.1829170334270766, 0.17901438626938151, 0.18024151138594474, 0.2090068291198454, 0.20911001218769312, 0.20446642687703667, 0.20794972068862133, 0.18115954761758957, 0.17832686143990886, 0.16514264079296387, 0.16572848264496923, 0.15892694233585306, 0.13739954998094606, 0.13122056607877877, 0.11733606751007457, 0.11608762353773801, 0.10409547128082182]}