{"epoch_losses": [-43.21852017259598, -108.94353485107422, -127.75216900634766, -142.85412158203124, -159.72513354492187, -174.69218322753906, -198.0443731689453, -186.30122058105468, -194.06950036621095, -204.8784757080078, -216.64415270996093, -225.88058740234376, -231.36905786132812, -225.81901403808592, -246.65162731933594, -256.2437984619141, -220.1120632324219, -196.34580554199218, -121.75273779296874, -193.62187780761718, -253.47996728515625, -273.6816882324219, -285.7205490722656, -303.6039130859375, -311.0063765869141, -321.8918806762695, -342.012205078125, -362.1936763305664, -378.41269702148435, -397.04864245605467], "correlations": [-0.06575486447328041, 0.23702993331950636, 0.2108906204041565, 0.19983827726254488, 0.17790950524672774, 0.1706174178305141, 0.18288260269338527, 0.022712249963779196, 0.07031351039712092, 0.034418313930366914, 0.059528269807740335, 0.0511604471000534, 0.05726172913339946, 0.12348152448673971, 0.1487245825830041, 0.1540427212014606, 0.0948746619725548, -0.014768935159303569, 0.07467267459433913, 0.044406364153282224, -0.008332907856607771, -0.022222551569132994, -0.03460319668412975, -0.02129976152172705, -0.015432536145850497, 0.02663619695777434, 0.0905904623989957, 0.128539651322409, 0.1585570047891401, 0.15182510133232768]}