{"epoch_losses": [-17.726283962726594, -81.63751345825196, -106.68338220214844, -115.71439587402344, -131.1738067626953, -80.40450128173828, -145.3743923339844, -152.862208984375, -152.09953112792968, -167.98149047851564, -183.79225463867186, -194.6834403076172, -211.18082263183595, -225.17541162109376, -211.82684216308593, -203.09678930664063, -208.17614929199217, -207.54865588378905, -228.0215057373047, -235.69041162109374, -235.2089462890625, -242.94067016601562, -259.77990502929686, -267.1784130859375, -211.78298486328126, -257.5292316894531, -241.17935034179686, -266.76278271484375, -278.9963659667969, -279.82364331054686], "correlations": [0.12873885521099238, -0.028950081674590736, -0.1445747767805071, -0.13841019688645367, -0.1259593191497353, -0.02916048801280238, 0.12355040162499632, 0.14178028349101013, 0.13762664348150402, 0.16859748188472656, 0.20337978702654808, 0.20710372473616723, 0.20395230799922806, 0.19739857582067105, 0.20116165214397738, 0.19429292608755463, 0.21440119480366807, 0.23135243584806137, 0.23162276448733082, 0.2758753185956295, 0.2878089986017145, 0.26686551502599287, 0.27625446870251213, 0.28056453032059486, 0.26460649274386455, 0.25601390288367676, 0.2535293925596001, 0.24766912999404714, 0.25184853558913833, 0.2297989610112084]}