{"epoch_losses": [-0.4826684148311615, -1.6710853774547576, 13.64202961730957, 9.462831172943115, 0.16318727111816406, 0.19472271728515625, 0.23109052789211273, 0.16771149671077729, 0.09435613822937011, 0.036967525482177736, -0.027987030029296874, -0.0727022476196289, -0.12265586853027344, -0.16950390625, -0.22508837890625], "correlations": [0.04746720751512771, 0.19694780186150387, 0.08080729400028408, 0.11722422780073223, -0.04104822464926452, 0.05297329704800196, -0.0029919061388261115, -0.027022353876387465, 0.005640168566797857, 0.013880180629473132, 0.05440046097419433, 0.056940906252551, 0.025015817629062742, 0.01458801510891616, -0.00012525538043260155]}