{"epoch_losses": [-20.920950104475022, -2.9837372131347655, -52.78714614105225, -85.80424282836914, -131.99721936035155, -161.42569848632812, -170.97116333007813, -159.0552579345703, -167.34045373535156, -154.39160473632813, -172.6636883544922, -182.77237365722655, -198.55960021972658, -208.56342419433594, -231.90332458496093], "correlations": [0.0008416435962385118, 0.10345342931170354, 0.012126947860585897, 0.005681681042619924, 0.11866761997807976, 0.12949644913958958, 0.13967160256741415, 0.17778175647694966, 0.13791895231506207, 0.1305585904016536, 0.15491558050125684, 0.17192878876441192, 0.17379858513567323, 0.18191437288730475, 0.16492708337553505]}