{"epoch_losses": [-72.75596388339996, -150.9775111694336, -179.1661177368164, -203.6124369506836, -227.6200743408203, -247.30777423095702, -270.5172801513672, -291.20201245117187, -314.14473559570314, -337.0831623535156, -357.0649449462891, -376.7661630859375, -396.1762897949219, -415.32256079101563, -434.221701171875], "correlations": [0.08182987448286955, -0.08037184995585056, 0.13229398304034642, 0.289834728207214, 0.26069126496456857, 0.2372646512839373, 0.24050774558071877, 0.14670079325093804, 0.07768881490606366, 0.07739211897521281, 0.07450812498406321, -0.020346167702635542, -0.04171001607144273, -0.05815208834016582, -0.07629633535686867]}