{"epoch_losses": [-5.814381784200668, -3.246842300415039, 4.14520947265625, 0.204884521484375, -0.7119833984375, -2.316683395385742, -11.750530151367187, -12.543246856689453, -16.737210723876952, -22.01236962890625, -26.965568939208985, -27.48735809326172, -26.04019610595703, -33.83526971435547, -33.16021881103516], "correlations": [0.1195683586355335, 0.04272128638760211, 0.02721280602201598, 0.17066264225569644, -0.3695199506420344, -0.3739894506922445, -0.3713941950499377, -0.3494466047047274, -0.34420831963344395, -0.3487718914441525, -0.3166685868171853, -0.3475820300164143, -0.3508532132350876, -0.34788187574051666, -0.3452123933787269]}