{"epoch_losses": [-46.07557289218902, -180.75938189697266, -236.49064660644532, -424.4028896484375, -631.4836854248047, -872.2423188476563, -1023.3588898925781, -1304.2555483398437, -1437.27871484375, -1595.618884765625, -1846.34094921875, -2004.2308505859376, -2112.349166015625, -2446.0866845703126, -2504.0373056640624, -2477.89346875, -2491.4178603515625, -2438.1644462890627, -2374.6901748046876, -2265.082638671875, -2177.647041015625, -2152.962189453125, -2199.7369375, -2238.991873046875, -2370.223228515625, -2445.9485390625, -2248.306490234375, -1986.003857421875, -1953.2231953125, -2114.813822265625], "correlations": [-0.016619899758229802, 0.018157032642757163, 0.20880204619806464, 0.04229034709254635, 0.2525269847066426, 0.22124907795175905, 0.17513965439269494, 0.19174689311616835, 0.18030008286713692, 0.1653081181477778, 0.17424309637625604, 0.18804332841606416, 0.20294934436300688, 0.18914561660906812, 0.16481506170588778, 0.16043764908434194, 0.16100774999338635, 0.15462851944847494, 0.12804868340694278, 0.1047509027730614, 0.07837698513248995, 0.0388599324830707, 0.02989733096656006, 0.02324115500607787, -0.17848995641489554, -0.27408823329489584, -0.07675627016441403, -0.06825480068289914, -0.06024269624303714, -0.05145190041617384]}