{"epoch_losses": [-23.299310727596282, -98.79609790039062, -118.34630047607422, -135.4938084716797, -136.09771655273437, -163.31815264892577, -186.3065756225586, -189.06951977539063, -189.98761938476562, -201.7691788330078, -213.7186944580078, -225.80753857421874, -237.67619897460938, -249.32462438964845, -264.2393594970703], "correlations": [0.0422685155604346, -0.021314210225258076, 0.20961048492015472, 0.15821226219940113, 0.15061360722862652, 0.15776628529195497, -0.024467024079538758, 0.19351346139618422, 0.17521942538671043, 0.16491934078132153, 0.1345657975461152, 0.14513370269269063, 0.1550181533622586, 0.14286255499405584, 0.14296898184272955]}