{"epoch_losses": [-0.104581946849823, -8.209003108024596, -0.21598731994628906, -0.31336024475097657, -0.450785400390625, -0.5430600891113281, -0.9604064331054688, -1.9759305725097656, -4.008390411376953, -9.499699157714844, -24.97000527572632, -45.724029669761656, -77.07326991271972, -79.90801608276367, -78.16413311767577], "correlations": [-0.19808637685386848, -0.2643324601016126, 0.036907455566327935, 0.03481040425406072, 0.045803936252208355, 0.058909924335155024, 0.09001571394654047, 0.0810278134122573, 0.08998397902677428, 0.09851183610795959, 0.1312969856340539, 0.1437971673498311, 0.1411822056213218, 0.1015110972893925, 0.05417876993666759]}