{"epoch_losses": [0.23064388465881347, -26.52138082122803, -54.33289093017578, -66.7228727722168, -75.04048837280274, -82.37153735351562, -98.74362872314452, -106.29585357666015, -115.28296197509766, -130.4828823852539, -138.09389825439453, -146.94638360595704, -157.51473724365235, -164.41129681396484, -174.89681079101564], "correlations": [0.11325931215812064, 0.05434247977731398, -0.04205569874764206, 0.03413550681870999, 0.2151525635346306, 0.2015997856017604, 0.2103877577837878, 0.1906934330389792, 0.1154412311753232, 0.09202874208117658, -0.07751724735732915, -0.07005039131626115, -0.08934857635067728, -0.0745430962713045, -0.05711294591840943]}