{"epoch_losses": [-66.74187066841125, -134.32285104370118, -190.64512689208985, -183.4378031616211, -11.35794073486328, -1.361916259765625, -0.747115234375, -1.2575550537109375, -2.3283890380859376, -4.4283819580078125, -7.85844482421875, -13.190539794921875, -22.550800537109374, -37.93253186035156, -63.085488830566405], "correlations": [0.21886053969429886, 0.11201858521309288, -0.09908262282067677, -0.1716149297039053, -0.21052485827760276, -0.10673952496896877, -0.25154639524567274, -0.2633735216753789, -0.265616868333649, -0.27281464860674554, -0.2816489221268366, -0.2889028206328297, -0.2938725570137041, -0.29783184389428985, -0.2692114682247847]}