{"epoch_losses": [-65.92510856914521, -147.53024423217772, -171.65793872070313, -181.98222299194336, -199.33229711914063, -223.86771502685548, -243.21105883789062, -202.7222899169922, -205.565541015625, -241.5161795654297, -287.46277001953126, -299.3035928955078, -320.63898034667966, -345.9211710205078, -361.34925329589845], "correlations": [-0.0914275255792995, 0.3235182410664174, -0.09186166313576655, 0.04181144532768931, 0.025319368086323492, -0.004472448709439991, 0.030240576680635973, 0.10446348967079913, 0.2079954854341203, 0.1740901162101254, 0.18547139885858596, 0.25869127575448364, 0.2667370001622325, 0.27016126524094713, 0.27041258410320185]}