{"epoch_losses": [-50.87511202049255, -104.40399877929687, -123.23789636230468, -138.0749562988281, -152.1271858520508, -165.94112469482423, -181.74301879882813, -195.19590368652345, -208.4306824951172, -224.29740454101562, -229.64688537597655, -212.5156728515625, -191.88239990234376, -190.4587716064453, -199.52897241210937, -254.50681921386717, -278.57514904785154, -293.91693933105466, -291.1194287109375, -301.85490771484376, -324.8995786132813, -330.76903515625, -346.027607421875, -361.43995483398436, -372.30526245117187, -383.1164392089844, -393.8065979003906, -404.34350415039063, -420.32479370117187, -436.4838981933594], "correlations": [0.05619129655770591, 0.09458076084979508, 0.03284090680379042, 0.07402190411560884, 0.09841584421096508, 0.1136561384076232, 0.11555561196448907, 0.13240223724583317, 0.1459333189088247, 0.14319207166637546, 0.15005023398287648, 0.09273153610821695, 0.06282614846688793, 0.08318462015833104, 0.0857872889493217, 0.11917821520077085, 0.20140404112259053, 0.20268518311546121, 0.21057617182765345, 0.2062566492222389, 0.21313178983214462, 0.2153772666337893, 0.2152073896951026, 0.21531094218196725, 0.2152058161597966, 0.21534962687041323, 0.21519447552151297, 0.21359542342425286, 0.19624023624453082, 0.1952989871789912]}