{"epoch_losses": [-24.72000229263306, -82.72297836303711, -71.22303112792969, -88.92122009277344, -89.08268746948242, -103.26121186828614, -119.94370349121094, -134.11287878417968, -144.28014105224608, -154.53625939941406, -164.86975427246094, -180.45330139160157, -98.55190466308593, 20.465757690429687, 0.253462890625, -0.11631494140625, -0.32535107421875, -0.5519437255859375, -0.7991326904296875, -1.0907816162109376, -1.4176802978515626, -1.8434415283203125, -2.441103515625, -3.101138916015625, -3.898868896484375, -4.951651123046875, -6.075831298828125, -7.28642236328125, -9.1896025390625, -11.146053466796875], "correlations": [0.04851873722658015, 0.06447465347788428, 0.06552139467402071, -0.09688225436790344, -0.09995349691238353, -0.04382231726509551, 0.07243152297129671, 0.12661536277734559, 0.1420634538169513, 0.14187792637966007, 0.14264051408046097, 0.1428325821379378, 0.1272775880212924, 0.04148946157466409, -0.04224826370425159, -0.051962071215301726, -0.0838202932353483, -0.08160829600730136, -0.10003393554280207, -0.10548777738861936, -0.08023932416972934, -0.0712103930261974, -0.07092869120606735, -0.04922775475006172, -0.04212091137402177, -0.035662764797047296, -0.05227130316448411, -0.04834481107625836, -0.046272472151153564, -0.026632796920638014]}