{"epoch_losses": [-30.285723467826845, -4.5545283203125, -22.619516971588133, -108.53459677124023, -105.24111407470703, -106.4816474609375, -90.30875164794922, -154.2995537109375, -184.62904626464845, -201.45020983886718, -219.64209423828126, -234.6879645996094, -255.11642468261718, -269.03724768066405, -282.5022727050781, -302.9268955078125, -316.4878776855469, -331.2433028564453, -338.4526457519531, -354.647388671875, -362.7636104736328, -384.10460339355467, -396.0763884277344, -407.1408588867188, -404.7028635253906, -416.25186169433596, -417.67317700195315, -431.5871262207031, -452.63292016601565, -451.50485278320315], "correlations": [-0.08315025782357957, 0.1201802082421912, -0.025883738755120178, -0.054811241834126806, -0.07019671727408591, -0.05240865740790336, 0.13744571830039568, 0.0627436158387429, 0.12244558321671503, 0.1654225932016836, 0.2024997185116432, 0.22278392265550617, 0.23148257133602673, 0.23249525056121073, 0.21806991056612385, 0.21730558042773251, 0.23083632242495214, 0.2234194528015839, 0.21821980640987432, 0.22648805345552317, 0.2250788810413621, 0.20732992874856884, 0.21034647400791842, 0.19244491735181044, 0.14665963435584564, 0.14509061785729632, 0.1360219751468675, 0.18150694392944486, -0.030506215676860172, -0.063754611968133]}