{"epoch_losses": [-59.34648808956146, -154.49527838134765, -140.89829553222657, -156.69860931396485, -176.2997747192383, -188.11165295410157, -203.73687268066405, -223.68854272460936, -238.97738720703126, -254.0075732421875, -268.89430615234374, -298.81534765625, -317.24178759765624, -336.0429200439453, -351.28317846679687], "correlations": [0.006623248186433142, -0.08081191765937534, -0.04501985371880231, 0.25562109541851247, 0.23335759788110244, 0.0963503458280444, 0.04829907956680503, 0.051501485993828464, -0.04210299825717651, -0.03783008974484871, -0.04490373545448689, 0.018966198643649124, 0.04661700749619974, 0.07444522550592242, 0.10304059533643824]}