{"epoch_losses": [-69.19788659095764, -126.2476456451416, -188.40767764282228, -205.6801495361328, -130.4875828857422, 1.136195556640625, -0.9781446533203125, -1.520076904296875, -2.7829793701171877, -4.74379248046875, -7.3109580078125, -12.528974975585937, -25.99072216796875, -74.60729621124267, -193.37703071975707], "correlations": [0.011432689235702332, 0.07996402600728107, -0.029949415056089373, -0.040025681965562485, 0.20947532210861095, 0.0791050648229847, 0.28000460594507937, 0.07621050121865443, 0.06024327077856335, 0.023346484572478423, 0.18719742120094732, 0.14969684557784355, 0.16998270723067097, 0.18967093972915527, 0.158555446422357]}