{"epoch_losses": [-26.564340220451356, -84.0322578125, -117.90743212890625, -135.19982037353515, -150.5189073486328, -169.0278916015625, -185.8615877685547, -198.3309013671875, -212.40663916015626, -231.68164294433595, -236.95141198730468, -249.99148852539062, -262.704052734375, -289.0143681640625, -295.1711943359375, -296.73822692871096, -305.417810546875, -317.4629951171875, -341.6128127441406, -357.8885673828125, -361.13602612304686, -368.4553754882813, -379.9543552246094, -401.1104575195312, -412.77579541015626, -414.1870119628906, -440.76739965820315, -452.42718627929685, -463.8941066894531, -435.6448310546875], "correlations": [-0.024962437845202436, 0.06464350941667434, 0.05439582808039535, -0.0462283566163063, -0.07663182181046724, 0.07251809775699768, 0.16750225429950347, 0.20573655354616233, 0.22182937981451323, 0.2220664753736802, 0.19598406115081748, 0.1521297159816408, 0.09327465824681201, 0.07540654376835654, 0.05070712459011353, 0.041608939575056535, 0.08272946717769893, 0.07850367261369803, 0.06955429302793097, 0.08013869224057553, 0.07615641181760402, 0.08718233281475543, 0.10107104519908647, 0.06287904695670381, 0.04211306203966457, 0.01955157051615057, -0.0034628053610016433, 0.001741143517520149, 0.001990100674432597, 0.007904383992865385]}