{"epoch_losses": [-3.5514671092033385, -11.790988010406494, 0.4890293655395508, -2.173393524169922, -14.588393394470215, -43.437527248382565, -73.37584823608398, -77.404802734375, -83.48471133422852, -104.89279327392578, -121.43222952270507, -128.8162466430664, -142.65138122558594, -144.69196942138672, -155.0658377685547], "correlations": [-0.05231637399213114, 0.17068877692017084, -0.1353969016147875, 0.04284107066446579, -0.01826744559745514, 0.060806483372360574, 0.14180818381484345, 0.16233725796173526, 0.12932784791571894, 0.1411497939679402, 0.17691897698644984, 0.182862472045539, 0.199093100280659, 0.21714970845463824, 0.25666343482451925]}