{"epoch_losses": [0.07916297197341919, -4.27618074798584, 1.0609893646240234, 0.5942883605957031, -0.04117166137695313, -0.00154144287109375, -0.1287596435546875, -0.15330300903320312, -0.45770156860351563, -0.5337472229003907, -1.0799703979492188, -1.7864400024414062, -3.48614892578125, -8.22468231201172, -21.683186195373533], "correlations": [-0.01627725833658252, -0.05242428139850547, 0.09306554423677647, -0.02052335958026905, -0.07109223318915152, 0.024727134890949458, -0.2724405444988328, -0.252246042986146, -0.1728993021889647, -0.11103874599575378, -0.12239247963776864, -0.16334984189647417, -0.22717221177985633, -0.2684481012638383, -0.29468762640740404]}