{"epoch_losses": [2.5775147523880007, -10.141497814178466, -39.4116357421875, -53.654552734375, -64.02377154541016, -77.47756787109375, -85.29868194580078, -90.9705385131836, -107.19955395507813, -116.22406158447265, -114.33411114501953, -135.21720556640625, -142.13611907958983, -150.48100634765626, -158.72112286376952], "correlations": [-0.25025973885027414, 0.17320047493976357, 0.20335207625466817, 0.16277571153765902, 0.16543145589946198, 0.14817219898654926, 0.14729751226941562, 0.16132589407608336, 0.16364559771020568, 0.15486716514581644, 0.1567671593660097, 0.15748596809168958, 0.1790509851086015, 0.16801399265117847, 0.18064126674781925]}