{"epoch_losses": [1.3807946729660034, -0.18608084106445313, 1.1219540843963622, 0.45946321201324464, -0.1666222438812256, -0.802911234408617, -0.912113883972168, -2.0586813774108887, -1.93702734375, -25.808187713623045, -34.769594024658204, -43.305365936279294, -50.31663949584961, -54.47213597869873, -60.67564250946045], "correlations": [0.14589087051245875, 0.06967616747741708, -0.15563497682364744, 0.17749520296900367, 0.1834818612598737, 0.019396201877257192, -0.12072849619071703, -0.18564990936520218, -0.22294471219608097, -0.2481515380788804, -0.23086629945130302, -0.23579597011424897, -0.2525048170001083, -0.2714550743639184, -0.274284994448556]}