{"epoch_losses": [-66.75386525583268, -157.5106629333496, -187.4049208984375, -213.6642568359375, -235.7144208984375, -257.2330772705078, -278.27874450683595, -301.4318878173828, -321.8108962402344, -341.8768369140625, -367.6046800537109, -396.9280905761719, -416.8697041015625, -436.45411560058596, -448.3610725097656], "correlations": [-0.09024862542348644, -0.06011186048517928, -0.015994520104034307, 0.16403860166147569, 0.2985843564046122, 0.22912662444725973, 0.21789640922656314, 0.21787605408986968, 0.2462153566594706, 0.24453360703642368, 0.2516271428236158, 0.25279940944706786, 0.2871621560769546, 0.26163602324980423, 0.24509843727207833]}