{"epoch_losses": [-17.330364921569824, -29.25534713745117, -1.2580245971679687, -37.88797055053711, -67.06816464233398, -76.46879663085937, -84.2915474243164, -94.19033325195312, -95.80426733398437, -97.84659436035156, -96.86218188476562, -103.1378251953125, -98.48124456787109, -105.72975445556641, -123.02474426269531], "correlations": [-0.1899405557673517, 0.19215545332287276, 0.1402034744421086, 0.13073779162725213, 0.25673777076542764, 0.23368040996984274, 0.2203049465777244, 0.25231987729762767, 0.23110929466137473, 0.2494703077887411, 0.27498679186595343, 0.2729425858938731, 0.28258917518276083, 0.2500392175912857, 0.25890429005150895]}