{"epoch_losses": [-61.342979630470275, -159.66126721191407, -189.29525842285156, -215.52250958251952, -237.4671243286133, -259.3067528686523, -280.37593957519533, -300.9860642089844, -323.9785043945312, -315.2640821533203, -325.9666550292969, -369.66009704589845, -387.4871358642578, -418.76651904296875, -437.29606079101563], "correlations": [0.08497829365985374, -0.034335186753900584, -0.0002896105567131838, 0.039609150181679036, -0.04084729001622704, 0.018189081263396835, 0.1485556997397454, 0.2260499745293218, 0.20674098986167355, 0.2397502718765131, 0.22869558790544273, 0.220900810247038, -0.059460476994131435, -0.14508383734571437, -0.11829022324054939]}