{"epoch_losses": [-21.099347286224365, -93.64006443786622, -110.22254998779297, -128.0736691894531, -142.38992999267577, -157.95654974365235, -171.446951171875, -187.15660998535157, -195.29590942382814, -194.0921208496094, -123.2180005493164, -1.0740750732421875, -1.826056640625, -2.5533944091796874, -3.2513638916015624, -3.7242523193359376, -4.144400390625, -4.775210205078125, -5.182150146484375, -6.4831781005859375, -7.393625244140625, -8.880660522460937, -10.205077270507813, -12.347713134765625, -14.613528930664062, -18.422506591796875, -22.193052734375, -29.990561645507814, -43.88212255859375, -63.60627532958984], "correlations": [-0.0447169978866511, 0.0615994366503114, 0.05262329809981768, 0.0890598531213868, 0.0841475756120455, 0.07306100078109387, 0.0654527233576389, 0.0689170280493154, 0.07358973552332893, 0.05588924684564898, 0.08100503624219099, -0.23807975270147463, -0.31567429989804124, -0.3077645663505615, -0.15875626733997733, -0.17442505473184006, -0.1700652829793494, -0.20288022978153863, -0.2222956439769901, -0.22715028451313596, -0.18854299370936098, -0.19940316998490035, -0.1956634203638932, -0.21899214717983803, -0.23562084855276583, -0.24231242368852712, -0.17719066938351088, -0.18447418743281085, -0.2239638460009755, -0.240226552054182]}