{"epoch_losses": [-22.726648292541505, -46.92295217895508, 1.7989849853515625, 0.10185284423828125, 0.13033245849609376, 0.20658203125, -0.3310834350585937, -0.29217193603515623, -0.8697568359375, -3.599352844238281, -24.742245239257812, -91.68827941894531, -104.82583279037476, -108.8034296875, -96.6744764251709, -78.67267037963867, -60.68094129943848, -85.62640081787109, -104.1950562133789, -125.54432958984376, -125.47338055419922, -137.1611318359375, -151.60860955810546, -177.85483447265625, -196.98946508789064, -225.1095556640625, -212.48963586425782, -228.5988718261719, -239.59812145996094, -270.5845177612305], "correlations": [0.12112671022288633, -0.005652796614937062, 0.10940039698477858, -0.10784660253230735, -0.2219961672444284, -0.24896777889855762, -0.1396465392634656, -0.1270677794226904, -0.024882829910724553, 0.008575679351911681, 0.08990883816960082, 0.10420095540414377, 0.0010186785927314985, -0.07460670057174554, -0.12700380571691694, -0.14230618805750928, -0.17958921332972924, -0.20686030959895876, -0.2574434685503283, -0.2904669255219997, -0.30173659722416374, -0.3110726758994701, -0.3190916395315062, -0.3019755952521724, -0.30695660592905144, -0.28861532589912203, -0.2202259236463458, -0.176713113804815, -0.15821944965695595, -0.15425304369907486]}