{"epoch_losses": [-3.73501123547554, -30.861182983398436, -49.67832925415039, -38.400015106201174, -41.96238363647461, -57.6199069519043, -12.915673583984375, 0.02928680419921875, -0.07237396240234376, -0.12378106689453125, -0.1495892333984375, -0.206338134765625, -0.32656988525390623, -0.5263059692382812, -0.8093271484375], "correlations": [0.10725167185557512, -0.04428798857208294, -0.026698904178027724, 0.11062138772516356, 0.16192555078579657, 0.12306874347202973, 0.13119674349778424, 0.22945045416576645, -0.0020413763062464316, -0.1019473136932388, -0.10402469851906845, -0.10397626752387677, -0.12492245024721979, -0.1449152262608503, -0.1526212816985267]}