{"epoch_losses": [-1.8826447277069092, -80.31066508483887, -120.78439337158203, -143.34382440185547, -163.71633618164063, -181.68530731201173, -199.3608974609375, -214.53186389160157, -229.6598807373047, -218.0784670410156, -220.76618359375, -248.8110881347656, -265.85925653076174, -297.720927734375, -285.1044064941406, -270.5143260498047, -289.2537437744141, -292.10373559570314, -298.41655981445314, -295.3828552246094, -309.680806640625, -342.69936010742185, -338.668455078125, -343.24212646484375, -352.46774267578127, -362.64703881835936, -350.90322412109373, -392.70604638671875, -397.0993913574219, -406.51453442382814], "correlations": [-0.13904889967005005, -0.035155058202775626, 0.1640069487803849, 0.098380409980118, 0.11869393518774053, 0.14246313560480575, 0.159636773199883, 0.15742803263441865, 0.1411086021283114, 0.11584813912861099, 0.04722878361024493, -0.0020568748763977107, -0.01578933651732809, 0.06122902657324506, 0.062044941166368044, 0.08294694686553637, 0.07735087247774138, 0.05526507235470423, 0.052997822887463124, 0.02496718513325573, 0.020781771682802874, 0.04084943249639728, 0.15931413789916327, 0.1524199145425248, 0.1648554690811871, 0.18679271550009438, 0.18661809996341244, 0.17519380447729405, 0.14605257630782237, 0.14354317655978396]}