{"epoch_losses": [-78.49507985591889, -162.86150048828125, -191.06784442138672, -216.57143395996093, -238.256640625, -262.2565399169922, -284.99035632324217, -303.78355590820314, -329.77338342285157, -352.99516137695315, -379.3595377197266, -374.7245655517578, -347.04899609375, -342.4278963623047, -357.36592651367187], "correlations": [-0.14201548532151564, -0.052520676477144465, -0.0553396028995427, 0.17875726723706478, 0.15009103220271736, 0.14359936744157667, 0.047688846773749925, 0.08935765798782422, 0.09392426341491154, 0.1366685551198871, 0.11948823105401779, 0.08711870394442657, 0.06606974647165967, 0.06397952924634234, 0.050000526442172864]}