{"epoch_losses": [-32.88135761642456, -93.11586511230469, -5.777591186523438, -28.055468444824218, -112.31357135009766, -122.41695059204102, -155.61998815917968, -169.44587463378906, -141.12206176757812, -177.66019653320313, -216.80716076660156, -213.11020959472657, -228.9049853515625, -241.18142321777344, -253.35889794921874, -247.45593347167969, -276.1558151855469, -295.19908581542967, -306.7112021484375, -317.9933524169922, -329.51230541992186, -344.7291525878906, -340.2880927734375, -334.4605087890625, -347.544962890625, -324.35517529296874, -358.0561865234375, -377.9958601074219, -403.4270695800781, -417.631744140625], "correlations": [-0.09346105984967643, 0.15854905605557312, 0.022102424200938522, 0.08254295420280049, 0.008988125928900583, -0.01615761346034343, 0.054268119505798476, 0.06320222583288555, 0.0901273132946628, 0.061433703589641356, 0.04169737295870634, 0.05854026996988593, 0.021948095685202028, -0.01862681309853288, -0.030096189670175185, -0.05125699933328535, -0.06445383822102993, 0.04262241392668296, 0.12214472478397076, 0.16572814259816093, 0.17106797174800306, 0.16950688837090944, 0.18845760867938677, 0.19776088511610224, 0.10691285027734873, 0.09626088888531947, 0.10522339177652211, 0.09642400923651592, 0.10622409809147791, 0.13881909060593378]}