{"epoch_losses": [-68.36013111591339, -159.41214245605468, -182.43252465820314, -209.6611126098633, -224.92456945800782, -251.6300902709961, -271.8807132568359, -296.76739575195313, -317.14191369628907, -336.75934716796877, -319.0747930908203, -364.62238293457034, -385.5652707519531, -414.4850035400391, -436.84680615234373], "correlations": [0.10604052055964065, -0.040552820759530574, -0.013866810189750639, 0.006427465863297321, 0.21681702591501695, 0.03900223787329946, 0.03886418117559433, 0.14787926462746898, 0.18052380554319478, 0.2524555807683678, 0.30405452119791043, 0.27264517415006395, 0.2875103858282983, 0.25960984017430705, 0.23478074618041547]}