{"epoch_losses": [-26.73964951944351, -99.7054242553711, -106.54620263671875, -103.21079010009765, -95.34693298339843, -62.916780334472655, -59.63000646972656, -36.773029296875, -49.3423857421875, -74.34595202636719, -95.37639416503906, -133.8166795654297, -168.7940022583008, -184.4044267578125, -216.05559228515625, -209.73623364257813, -227.504486328125, -282.47248364257814, -286.45314501953123, -292.57844189453124, -282.2050531005859, -253.25818334960937, -256.1232590332031, -249.39075927734376, -238.26260498046875, -245.31811889648438, -283.29226635742185, -291.39401293945315, -298.95090502929685, -317.88916381835935], "correlations": [-0.19145820475798872, 0.15753920657899306, 0.12029198386036227, 0.0445688211729337, 0.18551279615052146, 0.17228170992792954, 0.06347002761199888, 0.07733163493939985, 0.1318277717332925, 0.11434411086889587, 0.15104661678562775, 0.1576971190486416, 0.15486421215899115, -0.13230328160446492, -0.0796109344274113, -0.04453758046705049, 0.17956946633160584, 0.17494453745300925, 0.1187301893108378, 0.002990626284469576, -0.03007743683142271, -0.01333248366224249, -0.024803261426150445, -0.014413771479004467, -0.03195795941309004, -0.031800500160142534, -0.03813484518263993, -0.03707213943888609, -0.037026608172554744, -0.03195134165397033]}