{"epoch_losses": [-32.07463674783707, -41.42087255859375, -11.58626318359375, -20.159428833007812, -24.12713262939453, -27.698187316894533, -22.116979248046874, -6.459607482910156, -18.36500964355469, -15.020624145507812, -19.084727478027343, -32.94493688964844, -38.04611499023437, -46.25070971679688, -38.72787939453125, -40.733325561523436, -38.27643237304687, -46.793096923828124, -64.03592492675782, -76.56676098632812, -82.65038317871094, -87.31167443847656, -91.12237646484375, -97.69127893066407, -101.18187121582031, -104.23523022460938, -112.33755151367187, -121.2208681640625, -124.80372412109375, -132.67165576171874], "correlations": [0.012394718338545755, -0.025699229680527364, 0.0036307199799814707, 0.23116463422002345, 0.10946946378429559, 0.050258306143365364, 0.016413020293115622, 0.004917138856988304, -0.011617781625680562, -0.039752056318932756, -0.05098336441976875, -0.013115112369506026, 0.012219737091956055, -4.6029332589041806e-05, 0.013121434304081024, 0.0007151489031855535, 0.04104577654478549, 0.07292395127161105, 0.0773217664250169, 0.0736775802672929, 0.06070988081360157, 0.06054428126288488, 0.048427770099986334, 0.03976416857910345, 0.04494330446715599, 0.03992334412403714, 0.0331291252524584, 0.03220260551094719, 0.05585094259954624, 0.05267452737755078]}