{"epoch_losses": [-63.51684638786316, -158.58237518310546, -181.72249447631836, -207.1659172363281, -231.03231915283203, -247.34480908203125, -267.2005095214844, -283.0703273925781, -313.4071746826172, -326.6090096435547, -351.17008276367187, -333.9708161621094, -389.8229002685547, -387.95635656738284, -418.5825972900391], "correlations": [0.0009856227998737395, -0.13491093001276344, 0.22361530019499634, -0.016945955317292028, -0.0994466267323856, -0.09326865341232263, -0.08201216706473533, 0.10160254432834408, 0.051950731480550814, 0.07105594852479347, 0.009422895053300077, -0.04547535140517905, -0.10502750167448849, -0.1128871589622702, -0.1056658972807047]}