{"epoch_losses": [-31.348590727329253, -46.0029515991211, -1.1452529296875, -22.088713455200196, -95.02338430786133, -107.93915325927735, -94.5875302734375, -105.11160693359375, -135.9312153930664, -148.37177856445314, -155.32415979003906, -166.3032490234375, -183.51665625, -194.93759887695313, -221.26504943847655, -228.55403314208985, -237.42373779296875, -224.20576171875, -277.6428726806641, -287.4646453857422, -299.2539873046875, -221.35808459472656, -220.82134399414062, -282.3619888916016, -285.6058446044922, -284.3145302734375, -258.8685830078125, -291.0299267578125, -299.000265625, -305.4314423828125], "correlations": [-0.16105922247377247, 0.2607125127791118, -0.08880682400596938, 0.052968554578440116, 0.2221496318797865, 0.03706404160986008, -0.04264602192548653, -0.05151766990760093, -0.16257494235431508, -0.3100535608906868, -0.2847889690665445, -0.2850339146529432, -0.09534308474499871, 0.0014185148128236528, -0.037042441912939955, -0.10977736049326081, -0.05470675618718114, -0.06039521178417832, -0.001123261176996967, 0.0030123732681686132, 0.09720481830107816, 0.14447464219674827, 0.11096220338342237, 0.060757054506820916, 0.004012878716695108, 0.03492831327464108, -0.06411748028256385, -0.06924980065449869, -0.06898936203301478, -0.06458217297482464]}