{"epoch_losses": [-2.805763083100319, -42.88879824829102, -3.0889234619140624, -0.13826971435546875, -0.3552061767578125, -1.6905213928222655, -1.5915800476074218, -2.273789031982422, -2.432298767089844, -4.294675903320313, -12.056995819091798, -37.677763054847716, -81.84395962524414, -65.52681970214844, -32.35126025390625], "correlations": [-0.2191011075138291, 0.24202538945133184, 0.12978568996395834, 0.05329215939737176, -0.0821402911744191, -0.06574423128797832, 0.04432908377383213, 0.03530895855266824, -0.18090512585022195, 0.04687032200464873, -0.00817943978484968, -0.020489057379374752, 0.13438396033625793, 0.14184955278287328, 0.03416898001143077]}