{"epoch_losses": [-76.55340938091278, -153.79056964111328, -175.08751165771486, -188.20086584472656, -213.46486572265624, -200.65469653320312, -183.12844842529296, -198.04728259277343, -223.90738403320313, -240.77300952148437, -255.01552807617188, -272.25689294433596, -266.7343297119141, -79.49024206542968, -43.530767822265624], "correlations": [0.22410243607296115, -0.06113848318332857, 0.015431410240901881, -0.022766645396874143, 0.09038104905412504, -0.01809547310802852, -0.13339071616611547, -0.154904136250427, -0.13404834959417805, -0.08237002333108849, -0.05110808705964262, -0.0029792600118089107, 0.02812217246650423, 0.06443709567867638, 0.04559928539066203]}