{"epoch_losses": [-22.59196965110302, -40.23230862426758, -46.47376049804687, -53.10018145751953, -82.83199212646484, -106.031138671875, -110.84918688964844, -132.24586572265625, -162.95944860839845, -182.20459704589842, -199.83342736816405, -214.6591658935547, -223.10935595703126, -244.62080432128906, -263.5090876464844, -275.3335322265625, -286.94922631835936, -298.4326330566406, -296.8655473632812, -320.8924072265625, -327.3729453125, -338.1212509765625, -358.5045270996094, -364.47355859375, -380.1248994140625, -390.862876953125, -406.9045471191406, -417.6224453125, -422.4940866699219, -432.911017578125], "correlations": [-0.13414991612581456, 0.22839723614173893, 0.005122145426595216, -0.1693494701591568, -0.21321438078954377, -0.24419534390602443, -0.21307078606353916, -0.20724796070323306, -0.1628086599395971, -0.15676060877370965, -0.14305083934800844, -0.1333882845359932, -0.13888823657839047, -0.15762488957313164, -0.1440048481289337, -0.133940863478109, -0.14565891481381574, -0.14585663722721362, -0.1418723777617696, -0.15025454595986465, -0.1625276226620425, -0.16487653386820458, -0.16816985185859565, -0.16160703826686595, -0.15815966707556675, -0.1556613866835778, -0.15475221585713916, -0.16698734712367075, -0.16431072762707022, -0.1675376147168322]}