{"epoch_losses": [-89.02569202899933, -167.14454193115233, -191.64743084716798, -210.92958184814452, -233.27543322753905, -256.3812409667969, -277.35560986328124, -297.8743244628906, -317.9872127685547, -337.75918505859374, -357.24964392089845, -373.1231892089844, -395.21190905761716, -413.7613082275391, -432.07014392089843], "correlations": [-0.30080263890523323, -0.1237166703361995, -0.10484770322969075, -0.0973033625984681, 0.07188204220744061, 0.24215763361256584, 0.29299679084044444, 0.23323501920384257, 0.2090292963132413, 0.181125596629886, 0.16885650557245155, 0.17544097943337159, 0.14935772800613317, 0.14967208798236703, 0.13537295189968215]}