{"epoch_losses": [0.35845337057113646, -0.008993431091308594, 0.028985472440719605, -0.31066680335998537, -1.699996421813965, 1.1511215057373048, 0.10916607666015625, 0.1633094539642334, -0.0140601806640625, -0.27037493896484377, -0.40011245727539063, -0.6702922058105468, -1.0879226684570313, -1.2893412170410157, -1.5874989013671874], "correlations": [0.1370242982014812, 0.10189698351006234, 0.052301654336026474, -0.28078375461514016, 0.08027364052260008, 0.23214723226255007, 0.057313411409488445, -0.18382434394711164, 0.04257244616623369, -0.259159009650873, -0.2612272165624514, -0.2158929238134901, -0.16382900085049837, -0.10851645397757445, -0.09652806809625268]}