{"epoch_losses": [-0.18980920100212098, -19.86186445426941, -43.95508151245117, -56.49460046386719, -53.31609750366211, -56.87106988525391, -63.011645446777344, -68.98038592529296, -70.6027208251953, -74.54303741455078, -78.1602470703125, -79.8792646484375, -84.56124108886719, -90.76633612060547, -85.38527001953125], "correlations": [0.04387008652400107, -0.1974066840479809, 0.23067380068665638, 0.20555863526732246, 0.20987271319801995, 0.204832034796247, 0.2166486730166921, 0.2141686926070214, 0.2089216381202936, 0.2236576554054113, 0.2197748486525248, 0.2068409562069408, 0.21068915019213336, 0.20572011167725557, 0.1905572708504299]}