{"epoch_losses": [-1.0393034629821778, -0.7451619949340821, 3.0627349243164064, -10.976678619384765, -40.864808517456055, -44.81085961914062, -9.677240783691406, -17.736625457763672, -6.406350341796875, -0.8397951049804687, -11.005357177734375, -12.953357604980468, -3.7178311157226562, 3.366036865234375, 1.874072265625], "correlations": [0.12726815594134772, -0.01682200695364047, 0.05208883253317457, -0.15349006312170055, 0.0790135535357591, -0.06221309322096409, 0.10457172347699036, 0.12050260210506389, 0.11194940088045287, 0.018222029474426693, 0.032948430557789954, 0.06435778232974904, 0.056931682243884674, 0.06416398462243475, 0.052046865720575]}