{"epoch_losses": [-24.94230209350586, -6.094503021240234, -9.411639770507813, -14.056739807128906, 1.463175048828125, -23.434032775878908, -34.75782012939453, -48.22280645751953, -69.18164905548096, -91.4546343460083, -173.90858154296876, -226.35659643554686, -234.09546032714843, -249.21289862060547, -274.58676318359375], "correlations": [-0.21972327605246186, 0.06799675672156329, 0.06913328720171415, 0.03313532423425337, 0.031662743564591485, 0.10564124578846817, 0.06554091685111871, 0.1358843695855861, 0.1556481340797773, 0.11054390277818557, -0.14884396937274338, 0.06113012399154078, 0.1942343749782448, 0.21537695981370772, 0.21967089176387894]}