{"epoch_losses": [-2.2256301929950713, -19.832979695796965, -50.335560913085935, -64.47558084106446, -68.93388854980469, -86.00510675048828, -93.03964459228516, -101.82895959472657, -108.92041583251954, -117.18556915283203, -125.2502099609375, -133.16391192626952, -144.57480029296875, -154.4855993041992, -162.33870043945313], "correlations": [0.04937943705339599, 0.09068848353495253, 0.1093581444942337, 0.08693788936928282, 0.05040682725855624, 0.07945665248740699, 0.10798233470218267, 0.07977243988419636, 0.07617065832492548, 0.11422834703985149, 0.10091475777885728, 0.1148439621086646, 0.10860573564842463, 0.13493056333528763, 0.11974855529803731]}