{"epoch_losses": [-22.818063620567322, -88.46361318969727, -43.66736016845703, -96.72564788818359, -121.19636285400391, -125.33374383544921, -143.39590576171875, -159.73313232421876, -171.69066186523438, -183.35566442871092, -194.7232321777344, -205.95897290039062, -213.79987475585938, -224.52805603027343, -235.0440341796875, -245.41188525390626, -255.6538563232422, -265.80523193359375, -279.84121423339843, -289.84835400390625, -299.89134094238284, -309.6575920410156, -319.4892194824219, -334.11692456054686, -343.95132666015627, -353.7706940917969, -363.5687429199219, -373.28757299804687, -382.9664294433594, -392.6020676269531], "correlations": [-0.026372563310097744, -0.036737294958667226, 0.06543648999942056, -0.14282621675697393, -0.1768969526429618, 0.06366641691785073, 0.07942442345514196, 0.08878279012015702, 0.09852319710477712, 0.10422504641958642, 0.09985405591224923, 0.06461755956353848, 0.07011259000263788, 0.058562418171319984, 0.06392440938856409, 0.05484430217040199, 0.09266469549878609, 0.08211534630038927, 0.09186608186613937, 0.09406521564717674, 0.17646183587811298, 0.199379692240889, 0.09358464030141601, 0.09206712007023912, 0.09250191569451541, 0.09167349780697148, 0.08971387486983419, 0.15596477946193868, 0.15515920134949177, 0.1581232668713506]}