{"epoch_losses": [-34.184387253284456, -89.75468365478515, -107.11031524658203, -120.8041127319336, -141.21325604248048, -152.4646732788086, -169.6772069091797, -182.6362783203125, -197.7523837890625, -210.27893249511717, -225.87867224121095, -234.6123310546875, -249.5649686279297, -261.50638720703125, -273.2369049072266, -269.8429704589844, -292.32234252929686, -318.29016015625, -309.9752880859375, -324.63293725585936, -335.74141357421877, -341.82392529296874, -357.2925388183594, -367.967783203125, -378.53797119140626, -389.02764916992186, -399.42668603515625, -409.767294921875, -420.07705859375, -430.3369362792969], "correlations": [0.16231962984072268, 0.27272911570760383, 0.13706099400343502, 0.07689817428590842, 0.12286580402383261, 0.17846250072484607, 0.10912668360729967, 0.06977308579544049, 0.07272006276301435, 0.10128272266206373, 0.12109557105452856, 0.11860966458045824, 0.13641935161446897, 0.14227548929880202, 0.15400864278830764, 0.15353772417950826, 0.1559230493305534, 0.16204299103124972, 0.16714851701930789, 0.16947038943488418, 0.16699746333099202, 0.17764069474073085, 0.16780761403704186, 0.16891256443006572, 0.17265869345205972, 0.18440364429926176, 0.19105537867529487, 0.19492006228388836, 0.1963329833557844, 0.18212684696508988]}