{"epoch_losses": [-49.020790782928465, -102.71920697021484, -123.18136853027343, -137.75294189453126, -144.1164838256836, -147.41942987060546, -146.4082618408203, -166.47753540039062, -179.4693181152344, -184.23813360595702, -204.67593420410157, -218.64958935546875, -229.71927490234376, -264.1093511962891, -237.33287902832032], "correlations": [-0.28630987139345343, 0.10348521211191757, 0.10714001287359468, 0.04530209189213515, 0.09942589251473706, 0.030107509879191557, 0.042462784228255564, 0.08204511014958502, -0.0008839570118679966, 0.06898258290308777, 0.07427341744005511, 0.10194231311900036, 0.10352546156984935, 0.10506331805618946, 0.10602548655726277]}