{"epoch_losses": [-25.724852100372313, -152.32353225708007, -184.9033648071289, -213.74111169433593, -233.12546130371095, -258.53654248046877, -263.696693359375, -303.31287377929686, -323.280279296875, -332.0055164794922, -353.8498135986328, -382.7266759033203, -378.04762927246094, -420.2842443847656, -449.82103405761717], "correlations": [-0.07588886736400412, -0.07644809876222353, 0.01938915461799314, 0.22429008899548203, 0.280741204261944, 0.2934131093774075, 0.2814924645410667, 0.22685585128417501, 0.1980983178500128, 0.14574847991422588, 0.14125359665546036, 0.12594098852310764, 0.11493790657483746, 0.12546512763495235, 0.10960134447955787]}