{"epoch_losses": [-86.19970999145508, -174.64204296875, -138.43590618896485, -207.64327978515624, -238.44064489746094, -261.2338825073242, -287.1939083251953, -302.2400653076172, -331.40655236816406, -353.1671495361328, -368.8336419677734, -392.43647875976563, -412.4817354736328, -432.1207451171875, -451.35112646484373], "correlations": [0.08030352296744189, -0.07361525243124308, 0.38754391065330157, 0.1434236193800488, 0.2695896587571513, 0.22125302448429487, 0.18424527761182158, 0.3000133335600094, 0.37024376099625156, 0.2284243673963058, 0.2505036251750277, 0.3006637959483835, 0.25044167631708036, 0.23327406673172696, 0.21976592186680682]}