{"epoch_losses": [2.9372496881484986, -35.0262507610321, -109.46223846435547, -92.7432925415039, -123.90201763916015, -139.33271655273438, -165.34393731689454, -181.5138504638672, -197.68413342285157, -211.34624328613282, -233.287181640625, -225.56758435058595, -231.342146484375, -246.27560766601562, -264.9042551269531, -280.1712921142578, -303.14702600097655, -315.29403857421875, -335.43776196289065, -343.3276687011719, -364.0187673339844, -376.1160622558594, -397.57798852539065, -405.0299865722656, -431.97092236328126, -444.3149416503906, -456.63300073242186, -468.8507119140625, -469.8853583984375, -510.3647941894531], "correlations": [0.023928736134186376, 0.029663026543620012, 0.013250186091782348, 0.11913696964781499, 0.24815027416552865, 0.2520569710618499, 0.25571173983605144, 0.254529066686769, 0.2623775774991943, 0.2574937295117619, 0.2611785369268558, 0.2609513287038877, 0.23758046705557662, 0.23880224340781178, 0.23801336594537828, 0.24054468251015165, 0.23968270449250123, 0.25410365504796817, 0.26035887491863, 0.23409012267805873, 0.2536629840487651, 0.25361609869615725, 0.23385326301491383, 0.18961132576809786, 0.19572608205505557, 0.20322456972850722, 0.20456721488923704, 0.17659969092560285, 0.17476480647757012, 0.18772835679372699]}