{"epoch_losses": [-53.72074271774292, -113.22306768798828, -131.782796875, -145.26266516113282, -161.7732463378906, -176.2375785522461, -195.01906042480468, -209.29547131347655, -223.44158630371095, -41.9288974609375, -0.013890869140625, -0.063064453125, -0.101750244140625, -0.1853074951171875, -0.3181263427734375, -0.60660791015625, -0.931867431640625, -1.2626229248046874, -1.778989013671875, -2.4323533935546875, -2.820554443359375, -3.4444664306640624, -4.485068237304687, -5.65129736328125, -7.212440185546875, -8.967079345703125, -10.964103515625, -14.018673583984375, -17.834116455078124, -20.830653564453126], "correlations": [-0.020016215003649588, 0.10022066357157716, 0.04290255260286841, 0.042442506974847694, 0.021672635005936237, 0.012473032895768829, 0.05169737678716048, 0.024937897142337434, 0.03216860819967579, 0.014098482368224367, -0.13353665756100844, -0.2067338677557919, -0.20829595343316848, -0.20954277396713403, -0.2069932868338593, -0.22025249098625127, -0.22401415589855098, -0.2239772750468531, -0.21851185226873096, -0.1636638868527558, -0.1779751601466251, -0.1833467988130584, -0.16760586261638977, -0.15908770419152085, -0.15498912295315423, -0.15521787303144113, -0.13117368006490954, -0.1375052607711231, -0.13209355445391546, -0.1422386535013567]}