{"epoch_losses": [-77.97707485961914, -158.2659428100586, -181.5821831665039, -205.56793716430664, -228.19541668701171, -260.0342147216797, -273.08617028808595, -297.84636907958986, -250.08406127929686, -200.65953100585938, -229.661263671875, -244.6170887451172, -253.4723009033203, -262.92627319335935, -282.58615380859374], "correlations": [0.16233684828935174, -0.056212475471786726, 0.027052468186474953, 0.19704101816260094, 0.3086996795738727, 0.2681566041715629, 0.13309641380145526, -0.034708791190205875, -0.10715983909542932, 0.013728479692448343, 0.1602878868428975, 0.1532834071096674, 0.17033896211774754, 0.15411200724575982, 0.16225156791578108]}