{"epoch_losses": [-59.63673009347916, -123.3068642578125, -107.50199737548829, -126.48261212158204, -134.07507934570313, 22.879110229492188, -0.437470703125, 0.202349609375, -21.868000793457032, -46.84360125732422, -132.5425314464569, -204.24279062652587, -258.38653146362304, -312.02038513183595, -345.2959450683594], "correlations": [0.03055116355989154, 0.20029562523897002, 0.3173402989301357, 0.1076807740220433, 0.33246385980719034, 0.07267709680913473, 0.007022885717142612, -0.036638853799407144, -0.04516711756577833, -0.011524999038214788, -0.023234660901092535, -0.007543001747235967, -0.10799092548037657, -0.12476749270481699, -0.055875535572582666]}