{"epoch_losses": [0.29190930891036987, -3.224414552688599, -48.67979257202148, -49.9338967590332, -62.46053237915039, -70.02695565795898, -81.42633685302734, -53.317906982421874, -86.31848477172852, -1.3635484619140625, -0.0223031005859375, -0.1433233642578125, -0.223466552734375, -0.2819757690429687, -0.3380198974609375], "correlations": [-0.16259432350779293, 0.23479028207834501, 0.21358298410580473, 0.05275035232156331, -0.009164953586018584, 0.087346835203941, -0.09491162399164793, 0.06211984365890198, 0.14369812886924696, -0.0746942380093798, -0.06043025602567752, 0.09048007289409087, 0.13791691446164003, 0.129480850472958, 0.12760112801704776]}