{"epoch_losses": [-9.178898480296136, -30.04579737854004, -53.39114370727539, -51.42392755126953, -42.9290639038086, -43.84210388183594, -36.62648510742188, -14.13388165283203, -62.61044171142578, -97.90667352294922, -79.82768518066406, -74.97070178222656, -90.31775775146484, -97.8417515258789, -115.43968530273438], "correlations": [-0.183909947442454, -0.07703951276115299, 0.14750331913377313, 0.14420326704083253, 0.19976351482065055, 0.23341546492465542, 0.18707280054130562, 0.0926004641584853, 0.06339506360420834, 0.0546511585481647, 0.05805163192778445, 0.049874545704302505, 0.08183063935367518, 0.09300365506944785, 0.08366476181028248]}