{"epoch_losses": [-83.44266113185883, -151.38231390380858, -181.9729046020508, -210.85996478271485, -220.71979473876954, -256.09668676757815, -277.4311500244141, -301.21090405273435, -316.3063045654297, -333.5201728515625, -352.84492919921877, -372.0148104248047, -393.98325732421876, -416.02417517089845, -434.4707169189453], "correlations": [-0.2291202184626249, 0.13021597619450856, -0.0035135388578981922, 0.09138058304718427, 0.1237744489374639, 0.0026688279902111803, -0.036374052190401955, -0.13598260899558012, -0.20419649861675152, -0.17633879772579483, -0.08116301299541878, -0.054665813454970236, -0.02836418615286547, -0.02151122924824138, -0.016708883124288358]}