{"epoch_losses": [-10.801756358146667, -86.38614720153808, -60.158004150390624, -34.13923181152344, -59.44297500610352, -48.46164343261719, -96.13875915527343, -133.76031622314454, -181.67250801467895, -199.3797385864258, -195.12489056396484, -223.2457346801758, -238.36941821289062, -251.47098596191407, -266.65294323730467], "correlations": [0.03949882642110184, 0.04959263259425038, -0.08868974993811371, 0.030602567456484184, 0.014584838323328865, -0.11609243980467014, 0.022989079388137917, 0.2828264264945379, 0.2660066198185626, 0.20757417615192728, 0.2566945145805236, 0.2379987166744024, 0.24457958166298666, 0.24080308233438194, 0.23190481926270698]}