{"epoch_losses": [-21.67546784377098, -15.635416015625, -0.4821197509765625, -1.5469173583984375, -2.845930480957031, -4.6111427001953125, -45.25393219375611, -58.55119911193847, -18.17652941894531, -12.214539428710937, -38.40955419921875, -97.81739276123047, -120.80491467285157, -123.42971881103516, -114.20498822021484, -129.16341534423827, -190.6114079589844, -195.4963614501953, -218.8654357910156, -243.53232299804688, -246.0908447265625, -244.25511328125, -236.87839086914062, -227.44100390625, -244.90948950195312, -266.4711181640625, -273.8603072509766, -269.35219006347654, -263.6131423339844, -319.0322331542969], "correlations": [0.11434458436692863, 0.12585480953027758, 0.01935018232544521, 0.003785214689161609, 0.05267449288480754, 0.3175251808751154, 0.2051034061952756, 0.1584623956820417, 0.07570642320628689, 0.08711853209981538, 0.1013319803660311, 0.10809997252883968, 0.14373032301591807, 0.1591258031469762, 0.18633061985526905, 0.09548294636989983, 0.017612445477577607, -0.11766978201251457, -0.08333546864817529, -0.16017829749227241, -0.13920424905183676, -0.08841012927720072, -0.03467831402770504, -0.07532363160816075, -0.09538894796076534, -0.08247200070095367, -0.08601585562353596, -0.06731256040169141, -0.07830180268359854, -0.04940117074601306]}