{"epoch_losses": [-1.5662523441314697, -0.0034222564697265626, -0.0029958038330078125, -0.010666610717773438, 0.19127459716796874, 0.013269744873046874, -0.02713739013671875, -0.3019803466796875, -0.9005334777832031, -3.466115295410156, -9.302323516845703, -28.337610718727113, -73.59784917449952, -106.34131289672851, -112.62197680664063], "correlations": [-0.15846350596598077, 0.08368126855769907, 0.20559820697044243, 0.1346716598789801, 0.09954360179759691, 0.09234340613710137, -0.26472834179365484, -0.317966296747039, -0.42326291303183294, -0.3149200798630586, -0.1803231108516594, -0.044862056077320495, 0.08196146503306037, 0.09469762892844477, 0.14591158602119983]}