{"epoch_losses": [-13.800765129327774, -27.366568084716796, -36.94626861572266, -36.72886184692383, -40.0266950378418, -50.79602844238281, -57.1695191040039, -59.93686401367187, -64.90960656738281, -69.81470715332031, -74.645548828125, -79.4042466430664, -84.09627124023437, -88.73323651123047, -85.1350121459961], "correlations": [-0.10009935421916431, 0.1166931391419064, 0.1774812940578468, 0.17348963942703174, 0.09051818709788215, -0.059137710881780096, -0.18579104948873987, -0.1449455099482215, -0.11548686627477882, -0.10232757731001445, -0.1132248038789417, -0.08863717369652589, -0.08316848236250034, -0.07820416324160076, -0.0780899245200534]}