{"epoch_losses": [-19.380975915431975, -87.94858193969726, -79.83503298950195, -83.10197494506836, -91.94296643066406, -79.4347413330078, -72.65088800048828, -101.46954528808594, -116.66348400878907, -128.25469311523437, -139.36970654296874, -147.79924035644532, -159.14559594726563, -161.03689233398438, -168.803044921875], "correlations": [0.12899127438532965, 0.07586190446125204, 0.06464937986903022, 0.10848204242339603, 0.10131059372602065, 0.1499337976237091, 0.05135984519980633, -0.0039679568342774986, -0.015274104885933658, 0.001664735829192287, -0.0053471545816371245, -0.00435514322684035, 0.02351103078972575, 0.02663789202540361, 0.036372610854118116]}