{"epoch_losses": [-10.960694095373153, -18.574172887802124, -87.27319857788086, -125.95580096435548, -155.89889453125, -168.06758526611327, -183.82627215576173, -201.11751904296875, -216.0170975341797, -230.6526270751953, -244.72043200683595, -261.56036840820315, -275.61938928222656, -295.97025463867186, -306.17915380859375, -319.80324938964844, -332.90070886230467, -345.9892755126953, -358.9266533203125, -371.2649647216797, -388.7825065917969, -392.26569165039064, -394.67153833007814, -401.825236328125, -408.535041015625, -415.18721655273436, -447.39731494140625, -459.22253564453126, -471.049224609375, -202.281080078125], "correlations": [-0.04389234110152461, 0.013163626285946433, 0.23209575694068282, 0.1819641086250616, 0.1989847217183677, 0.08979802330986328, 0.1378120606403703, 0.15103197389818843, 0.1476990301554595, 0.12285806652807695, 0.10969190409307868, 0.1084944984419291, 0.11998587462064611, 0.1296945729389652, 0.1525904496323005, 0.14745910371060447, 0.1560588287139653, 0.13135193184631505, 0.12429856411139106, 0.10481781466615377, 0.0919732619890055, 0.10151285262152306, 0.09733248721943767, 0.0715852374708242, 0.08613174188233777, 0.07483829232469352, 0.10066149807528149, 0.09360012976887672, 0.10726900239503681, 0.07551354306424429]}