{
    "epoch_losses": [
        -64.52108233356476,
        -135.6541820678711,
        -173.35246887207032,
        -193.75992395019532,
        -172.6567117919922,
        -199.81521142578126,
        -121.04261328125,
        0.182696044921875,
        -0.7286195068359375,
        -1.6983590087890625,
        -2.786869873046875,
        -4.094908203125,
        -5.687039306640625,
        -8.285836669921874,
        -11.67998291015625
    ],
    "correlations": [
        -0.06457245759151677,
        -0.20761754681697342,
        0.19630498751536576,
        0.17069403745920686,
        0.17865802442215475,
        0.22106633001204326,
        0.0959222894251334,
        -0.01909346576607458,
        -0.0072697462444313125,
        -0.0516600867099335,
        -0.015584769935484365,
        -0.0010323250321848526,
        -0.009863113531363644,
        -0.014090431077189398,
        -0.013632929756720388
    ]
}