{"epoch_losses": [-84.33283477210999, -167.9149319458008, -197.33058807373047, -224.62376818847656, -255.93021044921875, -281.0369110107422, -303.8622998046875, -323.7335013427734, -348.13124560546873, -366.95140954589846, -390.3684444580078, -410.8392667236328, -431.4018792724609, -451.6429287109375, -471.530892578125], "correlations": [-0.10832781307615463, -0.035227775876857007, 0.01652222111279619, 0.17164863883023573, 0.011865609772520738, 0.01630226364987599, 0.014724626399902723, 0.010692210203695124, 0.057188333678218455, 0.06112697581411567, 0.07187494137194068, -0.06485371221613927, -0.0837167739810589, -0.0596259577924717, -0.06783057441632127]}