{"epoch_losses": [-0.620586362361908, -43.25133124637604, -107.64645663452148, -77.30524841308593, -88.54157232666016, -117.28601885986328, -114.7191484375, -140.7983856201172, -151.15639013671876, -164.20184106445313, -177.51680102539063, -188.111353515625, -198.92788623046874, -214.2965743408203, -235.44127197265624], "correlations": [0.30367409074788765, 0.09724999536174793, 0.08833511348449738, -0.02776134901671694, -0.032370090475908476, -0.05177102725951888, -0.033861738083998845, -0.021191957747509288, -0.012248912074421922, -0.019035632532564892, -0.005100333176049843, 0.0174778888320086, 0.03758198620698077, 0.0548124458278733, 0.09812086951216684]}