{"epoch_losses": [-60.78572647857666, -196.33380981445313, -208.62015249633788, -338.77784375, -390.68483154296877, -339.10378759765626, -537.0922377929687, -731.1206574707031, -834.5736943359375, -1382.2144594726562, -1743.8594663085937, -2141.6644711914064, -1951.5985219726563, -2240.7642041015624, -2259.4124467773436, -2437.6384736328123, -2595.3625263671875, -2747.7705400390623, -2899.919599609375, -3047.149111328125, -3199.5254609375, -3351.002896484375, -3495.0036796875, -3638.058552734375, -3647.4008671875, -3783.23275, -4060.26911328125, -4202.6128046875, -4340.191029296875, -4483.064763671875], "correlations": [-0.016679269113418632, 0.17316817109476715, -0.09320696520420794, 0.022035064180597082, 0.1374164079144966, 0.07880600286415024, 0.06786291525356554, 0.08897470249428938, 0.25656009619995596, 0.17442200945017275, -6.144001044219525e-05, -0.08551844773558519, 0.2605093106910193, 0.3805062944254665, 0.36457312541682807, 0.34856453216551364, 0.3228021707890235, 0.30920378335272825, 0.29243996321270394, 0.2683386889458503, 0.24989300142668816, 0.23245624008280757, 0.21763343597472104, 0.2113642215192152, 0.21478500954338, 0.20395091586203026, 0.20101405849342188, 0.19204871570199278, 0.2210102667877822, 0.24903561821596515]}