{"epoch_losses": [-52.41693066644669, -207.6506206665039, -270.0163184814453, -429.6644724121094, -640.1176494140625, -796.5786462402343, -955.371181640625, -1113.5611674804688, -1257.378279296875, -1414.972287109375, -1573.4462578125, -1712.3961533203126, -1849.3838388671875, -1984.505017578125, -2118.169166015625, -2250.2196337890623, -2381.2806416015624, -2511.3398271484375, -2640.2865029296877, -2768.5586943359376, -2896.3581533203123, -3023.5680654296875, -3150.4806728515623, -3278.045984375, -3447.227267578125, -3573.305578125, -3324.601455078125, -2915.49252734375, -2520.301630859375, -2594.402005859375], "correlations": [-0.20352887530498665, 0.002172958165164396, -0.0863532003180197, 0.17102920528164076, 0.11082160143927688, 0.11676873160857044, -0.05793623848509541, -0.16602941574490984, -0.0913228916269195, -0.04298684558933339, -0.05927541536453615, -0.02811472718847397, -0.016513291359263535, -0.028200289028949648, -0.03706673316933402, -0.033601464903504255, -0.029635159973902384, -0.025195674891160463, -0.024388900329923285, -0.0213698334735084, -0.017177645013575653, 0.010717873175538496, 0.016382135696236914, 0.02189468923444251, 0.02695235567193383, 0.012213936076402636, -0.025851060338949343, -0.033455281083869436, -0.343240959412487, -0.4662682190024966]}