{"epoch_losses": [-11.87129254078865, -44.21845999145508, -53.28209381103515, -43.582923583984375, -73.7619548034668, -85.7475375366211, -94.61145526123047, -103.35667602539063, -111.91896374511718, -120.28952880859374, -128.50666857910156, -136.57105450439454, -144.49736682128906, -154.28386932373047, -160.08412670898437], "correlations": [0.042701706020640315, 0.1771872906666171, 0.22179948243697992, 0.09065817679110555, 0.146265780456605, 0.18236639819841416, 0.19652670004283415, 0.1909656152060384, 0.18995460115125337, 0.18604540904896388, 0.1930670475193829, 0.18508469702669927, 0.1774798821955474, 0.19982438044071285, 0.17728979124789299]}