{"epoch_losses": [-16.985257650375367, -44.70661758422852, -192.20909155273438, -443.8888728027344, -579.0765268554687, -726.1596306152344, -1023.8020166015625, -1190.6117084960938, -1516.3381293945313, -1877.1978647460937, -2313.252140625, -2467.131239013672, -2648.43042578125, -2591.5821889648437, -2847.708913574219, -3027.112492675781, -3214.733238525391, -3321.4241117248534, -3500.6604267578123, -3759.0301767578126, -3867.97634765625, -3714.8654736328126, -3674.84797265625, -3517.390748046875, -3196.37912890625, -3342.901576171875, -2937.778361328125, -2476.006908203125, -1989.918064453125, -1787.615515625], "correlations": [0.08837819951896674, 0.4984830304340665, 0.08313761270949642, 0.13536051396041154, 0.15353507690786602, -0.12707886902479124, -0.19024367322744762, -0.20329812015843346, -0.24296512131272358, 0.24694716751558043, 0.18375991680354412, 0.21139381075512864, 0.11239466890099271, 0.14384323418096107, 0.23043287574194368, 0.35905165247459564, 0.4231643707403182, 0.37167552190378716, 0.280736310584618, 0.260314957365348, 0.18122322655212003, -0.0384424361413285, -0.016167570601561546, 0.017509544915179486, 0.03480690854238237, 0.04305118988344344, 0.05080359582151209, -0.0015716937481657267, 0.03922759187053096, 0.10876496712847389]}