{"epoch_losses": [-48.358169645309445, -143.40393392944335, -179.79080657958986, -202.36844006347656, -225.57906848144532, -255.07144860839844, -285.42383056640625, -308.86957116699216, -323.85696435546873, -369.7134227294922, -381.8841993408203, -314.19464208984374, -218.52702185058592, -324.85080151367185, -362.2654969482422], "correlations": [-0.02202824091633491, 0.3244397785828038, 0.2707031686798782, 0.24543177109954262, 0.2450001877332048, 0.23802261212128437, 0.23198163800655522, 0.24147031425704701, 0.17679035847074026, 0.017309475437831665, -0.022365276048453297, -0.10421028219453146, -0.07889283807070945, -0.05959215518517783, -0.030301316248091528]}