{"epoch_losses": [-58.60769762802124, -155.97245477294922, -175.9170064086914, -192.49428656005858, -194.37612811279297, -182.779201171875, -181.04640100097657, -203.783833984375, -202.33753051757813, -231.11135021972657, -253.56082861328125, -267.76525842285156, -286.2038389892578, -327.8289298095703, -398.7550791015625], "correlations": [0.011454325360755203, -0.10647831623316747, -0.11670256370377056, -0.06899841587295656, -0.062244527637289666, -0.037404084987182146, 0.09634096160292567, 0.1108815876673261, 0.19074264944377983, 0.23935011717960394, 0.2528360090419867, 0.26991528588652514, 0.26812914273145055, 0.1605085948044568, 0.04234997757164388]}