{"epoch_losses": [-26.885127047538756, -92.63143341064453, -115.88765472412109, -132.44519299316406, -148.46901849365236, -159.66411145019532, -170.74832165527343, -190.6826444091797, -208.87053576660156, -221.90590783691405, -237.6571845703125, -250.38986962890624, -262.9363984375, -278.8632758789062, -287.42679357910157, -307.1785546875, -315.44802734375, -314.83903747558594, -347.6007131347656, -350.7513447265625, -366.9125087890625, -378.548986328125, -390.1204729003906, -401.3862785644531, -282.60584936523435, -195.24527270507812, -331.6658037109375, -373.462357421875, -421.83802587890625, -402.865310546875], "correlations": [0.06031398857621328, 0.05078868134902925, 0.23237683336465748, 0.08715814251933011, 0.053341664957391316, 0.09689249000178043, 0.09491221096172035, 0.11518145228991193, 0.15249997746349603, 0.18686114578461566, 0.1938143912219216, 0.1861879390764914, 0.18183022872527335, 0.1721704420496171, 0.18001422487376062, 0.18517598466652432, 0.17686856402376017, 0.17937663954623756, 0.1717641786298581, 0.16350666083449258, 0.1944970843775778, 0.20076345617909455, 0.19706901564628557, 0.20014833784741906, 0.1648287453546107, 0.09317975713732496, 0.04412257634941209, 0.017629911152579055, 0.02032860172210912, 0.03360944266645511]}