{"epoch_losses": [-2.5233962832689287, -1.3413798112869262, -0.8782913961410522, -1.301572006225586, -1.5565294189453125, -0.841831787109375, -1.151944107055664, -1.9590344848632812, -3.040726119995117, -4.763066070556641, -8.353834838867188, -16.77602639579773, -37.08026710605621, -51.43651977539062, -60.78797946166992], "correlations": [0.15328056671943036, 0.11250844513298328, 0.050756731261845926, 0.134333470151628, 0.08397205354813515, -0.0264652535744732, 0.025703408565998256, 0.01503583916897083, -0.025874516778552747, -0.0771683784420743, -0.07476791727817039, -0.07474210425136568, -0.057804855181849794, -0.09915041276346688, -0.04197718176543892]}