{"epoch_losses": [-31.51832869720459, -101.6892438659668, -118.00364776611327, -134.89252056884766, -149.61096789550783, -163.88020727539063, -177.94487060546874, -191.72146374511718, -205.26304138183593, -222.16554211425782, -192.15274743652344, -0.079396728515625, 0.0991307373046875, 0.1645941162109375, 0.01909814453125, -0.1506680908203125, -0.3024422607421875, -0.4268150634765625, -0.5946331787109375, -0.8050657958984375, -1.0566036376953125, -1.4005875244140624, -1.842311279296875, -2.44647216796875, -3.195134765625, -4.293682739257813, -5.714964233398438, -7.685673828125, -10.849574096679687, -15.450469116210938], "correlations": [0.016771212327648236, 0.11510974556800968, 0.1398244448947732, 0.05586575714019364, 0.05145610491388647, 0.07575270152651196, 0.08874292860453799, 0.11182934957002226, 0.11434771757845802, 0.11157958593427579, 0.09171146316548395, 0.24235975049136055, 0.1366550382545357, 0.004100071318974143, 0.012947604822705454, 0.016902193208710233, -0.008873792121230463, -0.03926965156215034, -0.05473122854331742, -0.06379544479767768, -0.07306157036342348, -0.08703335798572956, -0.08159772253695184, -0.050877977153385545, -0.02467313708099154, 0.02947530470072965, 0.06015001846216843, 0.08117216352145028, 0.1036367116360082, 0.11239418700644252]}