{"epoch_losses": [-84.3573870241642, -161.85295025634767, -190.3240994873047, -214.2118648071289, -231.59045703125, -251.03534967041017, -12.083052124023437, -2.733673583984375, -5.2623349609375, -12.389151550292969, -30.34900360107422, -85.61990145874023, -122.26572858333587, -249.63442431640624, -362.90424426269533], "correlations": [-0.029690918513379322, 0.03808896537137734, 0.021012998926309367, 0.2740648030544282, 0.176305507573508, 0.17445889132278938, 0.09372383017037163, 0.11242297133921308, 0.1347108195651352, 0.11412244833614299, 0.10117810758086211, 0.17624017169645198, 0.2330838490272234, 0.20221775303811707, 0.18961187288234868]}