{"epoch_losses": [-41.234885908126834, -156.51982723999024, -185.90476171875, -207.92922192382812, -233.4509732055664, -252.93792346191407, -228.9578427734375, -207.27766333007813, -226.93666003417968, -321.4346776123047, -360.5907587890625, -383.5864147949219, -413.2534650878906, -436.6992502441406, -453.1567252197266], "correlations": [-0.1087285575775265, -0.059202115634408636, -0.0810948445419724, -0.07686317254642851, -0.03479197213369126, 0.016786139626456573, -0.007420518986981967, -0.056463415406629684, -0.06385746929172323, -0.07310127053955846, -0.0444359427276316, -0.038194517609563994, -0.04512883751832858, -0.052698828665077184, -0.05189889770501539]}