{"epoch_losses": [-10.282551977157592, -86.41403065490722, -120.77804876708984, -136.15423388671874, -153.4703169555664, -168.3048901977539, -182.69967907714843, -196.7860224609375, -210.57551721191408, -224.0706925048828, -237.30802075195314, -250.3486280517578, -263.1696726074219, -275.8026240234375, -288.2609553222656], "correlations": [0.009538176779383827, 0.027429037499688544, 0.22011083809124446, -0.0702624689136973, 0.06791900063482664, 0.16033327442409445, 0.21050510803477157, 0.2499957485522378, 0.23172154092739472, 0.23413899523852988, 0.23131206528802561, 0.23072256313800402, 0.22497171148542533, 0.2249214721286687, 0.22500169536092604]}