{"epoch_losses": [-62.547223532676696, -148.74288537597656, -186.69045489501954, -217.22171923828125, -244.1442421875, -266.7636569824219, -288.8532282714844, -310.480525390625, -331.63602355957033, -352.4325529785156, -360.81117419433593, -376.7881545410156, -392.73581005859376, -424.6091451416016, -443.4546166992188], "correlations": [-0.06090377008085772, -0.0009407007921766732, 0.13487648777797098, 0.2194781087058908, 0.2496822842980983, 0.2144315745601619, 0.12025744289121496, 0.08835279981101944, 0.07791749995523926, 0.05236976439254628, 0.07236907655880825, 0.06886668834392484, 0.03408938785990096, 0.045135346235636746, 0.03206376897381391]}