{"epoch_losses": [-75.28064748764038, -317.58135009765624, -457.40742138671874, -433.78426635742187, -56.144465576171875, -0.6249443359375, 0.2324921875, -1.43305078125, -5.595416015625, -11.14644091796875, -19.01159716796875, -29.101931640625, -42.130171875, -61.12744921875, -89.162353515625, -130.27212109375, -191.1467236328125, -286.99352197265625, -457.5071865234375, -728.9537829589843, -1117.9295259246826, -1655.3316799621582, -2563.8805761108397, -3368.0495170288086, -3892.2933247070314, -4397.5921630859375, -4849.19848828125, -5144.676299804688, -5058.44915625, -5845.510796875], "correlations": [-0.2191474134923775, 0.07685780788153548, -0.07174625311225527, 0.12582771953792352, 0.047847372448178827, 0.04527644619740052, 0.13757756042534364, 0.1383761415013056, 0.08695290131863635, 0.1279829310564813, 0.10752148399370011, 0.07277920003824581, 0.029427662014582117, 0.019801662709085732, 0.02921160081450042, 0.034587031051194844, 0.05121027496221853, 0.07596588603627273, 0.10954743284444102, 0.15647654007743433, 0.2433976141827029, 0.311960288270012, 0.3289789628852372, 0.032491811488470905, 0.018563441528419773, 0.1715890043784241, 0.04232282569385126, 0.1693794113608233, 0.05488255153630745, -0.07177301377460603], "accuracies": [0.4665, 0.538, 0.4515, 0.5525, 0.5445, 0.5345, 0.5345, 0.5345, 0.5345, 0.5345, 0.5345, 0.5345, 0.5345, 0.5345, 0.5345, 0.5345, 0.5345, 0.5345, 0.5345, 0.5345, 0.5345, 0.735, 0.486, 0.447, 0.4775, 0.573, 0.537, 0.58, 0.49, 0.456]}