{"epoch_losses": [-65.44256037569046, -157.52544519042968, -186.71212219238282, -209.42360888671874, -230.92648114013673, -260.54042376708986, -286.54040209960937, -310.3045964355469, -328.7552537841797, -352.1899053955078, -369.71307446289063, -300.4853449707031, -278.6758458251953, -407.26795629882815, -313.1401240234375], "correlations": [0.10134161185455863, -0.05888114149410131, 0.18843229481055862, 0.25049333817948416, 0.22112087821828721, 0.24436105400154576, 0.207952357131495, 0.21546367032898806, 0.21627349183625627, 0.20579733091088603, 0.16574248672220812, 0.15399098777837603, -0.08216110135016472, -0.011793707845451465, -0.02101060049667164]}