{"epoch_losses": [-84.18386036491394, -160.5920909423828, -194.87773223876954, -121.00538146972656, -117.93956884765625, -73.89225891113281, -7.60848193359375, 2.021443115234375, 0.1113636474609375, 0.735435302734375, -0.0690115966796875, -1.9975335083007812, -5.092443908691406, -9.641197692871094, -15.34335546875], "correlations": [-0.14116112470457629, -0.12207930536341419, -0.01177799042617819, -0.103041684654449, -0.05397583711976427, -0.00907706256619138, 0.025700074988493058, 0.0010393324266587706, -0.01694792912985897, -0.022517219009045217, -0.02990609470286311, -0.028100211733567464, -0.012404497974687153, 0.009271091174984336, 0.021087731383678504]}