{"epoch_losses": [0.6400560981035233, 0.40392465209960937, 0.00301165771484375, -0.08577143859863282, -0.2719771575927734, -0.7974702835083007, -5.252794713973999, -4.0157021675109865, -11.081148254394531, -21.636008087158203, -34.52202114868164, -46.09184902954102, -57.38048954772949, -66.83975100708008, -56.386354049682616], "correlations": [0.2610034327550962, -0.049855127575372374, 0.031165859839576204, -0.010016651940287176, -0.014296008116687199, -0.0033116887584971866, 0.015900179416920783, -0.0679714435235225, -0.07710145702412981, -0.18229256078508696, -0.02098642169999171, 0.043275018918072984, 0.00821562094243881, -0.08177082807139717, -0.006253731888003972]}