{"epoch_losses": [-17.216719616889954, -21.292491790771486, -8.406560546875, -43.18387896728515, -227.81678120422364, -434.51485748291014, -846.4222258300781, -1230.9737685546875, -1187.8733916015624, -1268.6744155273439, -1371.7100883789062, -1293.6969155273437, -1477.5505424804687, -1519.117505859375, -1654.92198046875, -1737.979453125, -1995.2064150390624, -2135.8298984375, -2303.30598828125, -2021.668056640625, -2527.6953369140624, -2790.4695888671877, -3022.277328125, -3295.2535478515624, -3566.300705078125, -2823.1678466796875, -1778.9706044921875, -2785.7032724609376, -3651.192396484375, -4060.979685546875], "correlations": [-0.4272091533052784, 0.354720743010031, -0.1434228213597456, -0.21891479899377966, -0.062254235468441464, -0.04055512323834625, 0.17592898141767105, 0.48190614686158956, 0.3928914158156064, 0.08604702076760014, 0.029301252884939438, 0.01980831461286491, 0.002186226988832282, -0.018536894697506582, 0.029549737866316227, 0.04419018078484233, 0.06005598905280749, 0.10358954178554519, 0.04377827139046016, -0.1093443187260207, -0.24086394299963534, -0.5586574716928399, -0.4708068890861738, -0.42551305049942667, -0.3398403179698113, -0.08491058880766023, 0.5476183383037564, -0.05044013528077337, -0.08050506875732069, -0.03801291397207284]}