{"epoch_losses": [1.3819492218494416, 0.2802067565917969, 0.1180544319152832, 0.0569044189453125, -0.07769544219970703, -0.2700970344543457, -0.6017851390838623, -1.982582447052002, -11.306278126001358, -33.26032762145996, -49.06958605194092, -65.18772048950196, -62.341545959472654, -99.77793713378907, -106.64463360595703], "correlations": [-0.02157282390949062, -0.08475126011441127, 0.05068426409055219, 0.08500737464243037, 0.04363763481082733, -0.004319185965992982, -0.027108828562490493, -0.02716372435547113, -0.11899492280969648, -0.04172366916827184, -0.214858567824947, -0.06587271769333548, -0.056293310872960446, 0.0034075762930047045, 0.12949208083417305]}