{"epoch_losses": [1.4086050090789795, -34.32639607620239, -305.1034622192383, -639.4599899902344, -916.3325229492187, -1157.7821469726562, -1157.3555314941407, -530.504853515625, -679.9601586914063, -798.7241987304687, -853.1823452148437, -1167.1949350585937, -1158.481724609375, -1289.5594794921874, -1374.1093125, -1462.3378720703124, -1551.0537666015625, -1632.0656455078124, -1723.5426787109375, -1815.6516142578125, -1966.6009658203125, -2088.5114169921876, -2161.3274267578126, -2203.4297958984375, -2492.9570712890627, -2550.040685546875, -2670.2973022460938, -2754.333274902344, -2856.8211669921875, -3026.436950439453], "correlations": [-0.5544276502418259, 0.05293860134843381, -0.06961582424851548, 0.22017404861583068, 0.23858787203179066, 0.48224620989280714, 0.4892131915824074, 0.46413352069261704, 0.1524903778535823, 0.1769480013414393, 0.18417634221820656, 0.13120060856079477, 0.12368639384969249, 0.1497852981718905, 0.14909306142155734, 0.12476333131776693, 0.1330665369126276, 0.1271847544031403, 0.11275733402547755, 0.12796664389485118, 0.1059497374451213, 0.09354007383973062, 0.12857443825591627, 0.15572745779424954, 0.18795232864670028, 0.15918353759255147, 0.1454893791240659, 0.13288885282090093, 0.11961143657500058, 0.07684028604082252], "accuracies": [0.265, 0.542, 0.544, 0.528, 0.593, 0.71, 0.715, 0.697, 0.553, 0.556, 0.557, 0.549, 0.544, 0.547, 0.546, 0.547, 0.552, 0.55, 0.547, 0.551, 0.549, 0.545, 0.548, 0.555, 0.557, 0.551, 0.548, 0.544, 0.543, 0.542]}