{"epoch_losses": [-7.5384977407455445, 8.372601745605468, 5.497395263671875, -9.482018310546875, -26.716894775390625, -108.9973876953125, -455.7056913146973, -980.7798677978516, -1524.0040085449218, -1993.6184228515624, -2227.8466264648437, -2504.562619140625, -2790.5611391601565, -2370.63407421875, -2425.491150390625, -2967.9777744140624, -3507.71288671875, -3964.785369140625, -4033.0102587890624, -4333.817908203125, -4522.495794921875, -4501.225337890625, -4529.542255859375, -4376.77551171875, -4327.699126953125, -4399.777876953125, -5477.6465703125, -5444.515630859375, -5495.324330078125, -5662.2707265625], "correlations": [0.21361160738039506, 0.24686565421838966, -0.011669573490022286, 0.3095740052332037, 0.38192350338425385, 0.39087962338684573, 0.2617164055426737, 0.18694206723832238, -0.08075801041175336, -0.08828491208288343, -0.04392261599035291, -0.03354193463791795, -0.009817367447532253, -0.013819733688216145, -0.005762590969605429, -0.003952122074845535, -0.07132401916452359, 0.20793246770314022, 0.3398777003149888, 0.3968047833357921, 0.4040213316171569, 0.3924936672573933, 0.3622466739257366, 0.2160803139168386, 0.18850048394056448, 0.23286101744198767, 0.1446301336570162, 0.4535805311649413, 0.31270309479975156, -0.034856298108998846], "accuracies": [0.459, 0.458, 0.457, 0.458, 0.458, 0.458, 0.458, 0.578, 0.496, 0.446, 0.455, 0.455, 0.458, 0.461, 0.487, 0.461, 0.449, 0.576, 0.634, 0.665, 0.69, 0.684, 0.664, 0.596, 0.586, 0.6, 0.56, 0.719, 0.618, 0.452]}