{"epoch_losses": [-91.20889326477051, -374.3821826171875, -665.2950994873047, -902.6928527832031, -1148.9238459472656, -1380.9482573242187, -1596.3092890625, -1845.1856840820312, -2063.0655927734374, -2296.3874526367185, -2550.0764072265624, -2854.4790283203124, -3098.5682490234376, -3265.787841796875, -3535.116283203125, -3807.05935546875, -4024.1132177734376, -4239.529997070313, -4486.079944335937, -4628.781375, -4800.08321875, -4967.52720703125, -5335.891353515625, -5463.69165625, -5572.047638671875, -5645.828703125, -5733.154787109375, -6155.445275390625, -6342.961119140625, -6539.901044921875], "correlations": [-0.16150415822227618, 0.4272391463249878, 0.40784925863646326, 0.22208288905823478, 0.18871143251490585, 0.2818680973411524, 0.3481091386676873, 0.4014642022371389, 0.41437009442444417, 0.4422252268573922, 0.4288046127595688, 0.45520722562615673, 0.495144369217838, 0.4618443128631513, 0.4449813041794738, 0.4415156562845477, 0.43326654881626453, 0.40731357205647506, 0.36919918963623355, 0.4117118198747534, 0.29236619604453956, 0.05113479815244541, 0.05151691913393938, 0.09486641030278342, 0.1979099245445578, 0.32370183056581275, 0.37082311175231575, 0.22837873587805432, 0.4553416573351313, 0.5582808151662074], "accuracies": [0.469, 0.71, 0.628, 0.543, 0.542, 0.607, 0.646, 0.679, 0.689, 0.703, 0.702, 0.717, 0.736, 0.72, 0.712, 0.71, 0.707, 0.697, 0.68, 0.698, 0.64, 0.52, 0.519, 0.535, 0.591, 0.655, 0.647, 0.588, 0.693, 0.752]}