{"epoch_losses": [-115.14371767425537, -235.27376695251465, -382.27335314941405, -622.8508635253907, -842.5679248046876, -1072.848017578125, -1284.1817529296875, -1459.8482158203126, -1640.3437641601563, -1816.9098505859374, -1990.452419921875, -2158.71133203125, -2309.324156738281, -2519.403236328125, -2662.282669921875, -2784.035560546875, -2948.8650322265626, -3103.7470927734375, -3282.959865234375, -3266.4572509765626, -3546.77054296875, -3808.354099609375, -3968.05317578125, -4126.4272578125, -4284.7033671875, -4440.71194140625, -4595.443185546875, -4752.504326171875, -4909.695251953125, -5067.551876953125], "correlations": [-0.08947829608529224, 0.4018380689656006, -0.012030458363414749, 0.1794204205607498, 0.18295740605183014, 0.20443086475601385, 0.07138119438420346, 0.2849983984902481, 0.48728421535820343, 0.5401832609758638, 0.5893223526465681, 0.6050977849728474, 0.4539872008638256, 0.15914774243315072, 0.161372376733682, 0.6034872307595472, 0.5830056442256908, 0.5714115881443983, 0.4843336561127536, 0.6936013543778632, 0.5847439847074432, 0.742883611687648, 0.6711873434067849, 0.6419376614360863, 0.6355676220462058, 0.6323517674359593, 0.6340563560809763, 0.6339570044186189, 0.6345053833629279, 0.6342766981741687], "accuracies": [0.459, 0.462, 0.441, 0.504, 0.532, 0.542, 0.521, 0.631, 0.736, 0.754, 0.772, 0.779, 0.715, 0.566, 0.571, 0.778, 0.77, 0.759, 0.729, 0.821, 0.619, 0.836, 0.789, 0.789, 0.79, 0.79, 0.791, 0.791, 0.792, 0.792]}