{"epoch_losses": [-57.92822583937645, -144.01514837646485, 39.16077416992187, -397.58820935058594, -542.7614007568359, -733.0484541015625, -859.3072038574219, -1105.5779033203125, -1316.1064624023438, -1391.0753005371093, -1639.173857421875, -1646.7837479248046, -1776.2768965759278, -1887.745930419922, -1926.2318736572265, -1952.65189453125, -2258.82467578125, -2259.1166092529297, -2537.4060400390626, -2764.369004394531, -2954.6925986328124, -3302.9723056640623, -3510.2001953125, -3651.1286962890626, -3884.49834765625, -3980.387498046875, -4223.18057421875, -4279.3769375, -4372.64418359375, -4506.92901171875], "correlations": [-0.2829930819037414, 0.0009731186575080938, 0.04557561253135069, 0.4951872629411269, 0.13143130699653519, 0.2768003524688779, 0.10090681187228276, 0.08786501345284031, 0.3944522908058696, 0.41391212750049106, 0.3998816595237376, 0.39987495259571537, 0.42410951871553076, 0.3995276857071077, 0.5582423890276178, 0.47595204079284426, 0.331126336723002, 0.23566256206793815, 0.25236823886081333, 0.25436404071141744, 0.27441189911138364, 0.2866238588675769, 0.30923775637578055, 0.28241744157044857, 0.2620999136494403, 0.26308345113762843, 0.2629470561396243, 0.25748362969182503, 0.24702976986546168, 0.2351141190100503], "accuracies": [0.539, 0.542, 0.459, 0.728, 0.519, 0.604, 0.47, 0.481, 0.68, 0.696, 0.69, 0.686, 0.695, 0.69, 0.704, 0.469, 0.455, 0.48, 0.578, 0.612, 0.628, 0.624, 0.63, 0.595, 0.577, 0.58, 0.58, 0.576, 0.572, 0.568]}