{"epoch_losses": [9.879772099018098, 20.79129022407532, 12.150926245689393, 2.659785774230957, -21.761088470458983, -40.60744104003906, -108.07742724609375, -487.3632976074219, -941.2769630126953, -1430.8229926757813, -1854.2052983398437, -2157.7388564453126, -2417.6443154296876, -2677.3039111328126, -2973.1912890625, -3219.842244140625, -3404.813396484375, -3604.97373828125, -3726.9379794921874, -3971.59348828125, -4252.512698242187, -4390.965186523437, -4479.534810546875, -4191.5274765625, -3947.908974609375, -4404.15122265625, -5009.4140546875, -4636.07148828125, -4459.0734453125, -4549.113771484375], "correlations": [-0.09713946859085036, -0.06969213646196556, -0.3971829217691082, 0.5971647685459117, 0.5914534465047049, 0.12662436675854266, 0.07617259146798545, 0.049220502150313615, 0.035761678519918766, 0.18020769315767593, 0.13062478261004032, 0.09993988390508352, 0.09467897415436777, 0.1281241462933137, 0.18291816235751662, 0.189520784796541, 0.14581105286142157, 0.10307157332215953, 0.05030135667989262, -0.01533658180744558, -0.007007393923142352, 0.04705596507859418, 0.09291925469391736, 0.09107746704325802, 0.07714432315922272, 0.08617608009834123, 0.3745348970890428, 0.04855635695821929, 0.11416714983933604, 0.026786832973006096], "accuracies": [0.457, 0.444, 0.352, 0.596, 0.458, 0.458, 0.458, 0.455, 0.453, 0.619, 0.551, 0.531, 0.518, 0.534, 0.563, 0.567, 0.54, 0.516, 0.489, 0.464, 0.467, 0.491, 0.513, 0.515, 0.511, 0.519, 0.677, 0.547, 0.554, 0.543]}