{"epoch_losses": [-1.8470809631347656, -26.10651359939575, -7.0509927978515625, -13.75261376953125, -23.66404345703125, -44.59513940429687, -138.9661328125, -543.0861060791016, -1108.3712590332032, -1480.4800637207031, -1914.8855158691406, -2378.390692871094, -2911.75269921875, -3105.5252924804686, -3414.3412573242185, -3720.402578613281, -3945.318537109375, -4241.753275878907, -4353.568462890625, -4631.804619140625, -5014.533825195313, -5159.267209960937, -5335.385434570312, -5648.199052734375, -5683.459044921875, -6027.7329140625, -6218.831693359375, -6415.262837890625, -6635.89680859375, -6899.82586328125], "correlations": [0.45521337894050945, 0.16838511491457972, 0.26472678344630757, 0.08703220142273825, 0.10509509357983986, 0.20075219125485114, 0.3244367812212804, 0.2411228521087407, 0.01920746129522116, -0.13192468318468692, -0.08780540023056381, 0.2222876619596025, 0.5259609538913184, 0.5156502959773541, 0.4863354096884757, 0.4834916875779866, 0.5434187254371083, 0.5561257085491306, 0.4693670012510106, 0.3249313151767687, 0.22283894860960085, 0.21551567414089454, 0.28969085989243576, 0.4174859529780725, 0.2758977731899961, 0.23408956370858108, 0.20681288875278614, 0.1775750983195381, 0.12264149201164795, 0.130253575682626], "accuracies": [0.541, 0.633, 0.542, 0.544, 0.543, 0.542, 0.542, 0.547, 0.501, 0.421, 0.441, 0.56, 0.746, 0.735, 0.723, 0.719, 0.755, 0.764, 0.705, 0.573, 0.512, 0.51, 0.552, 0.647, 0.546, 0.527, 0.513, 0.496, 0.48, 0.48]}