{"epoch_losses": [-104.14497076320649, -203.64569866943359, -296.6768724365234, -373.8818210449219, -332.99575610351565, -668.2403354492187, -586.9135703125, -731.9319580078125, -984.3694262695312, -1002.14240234375, -1172.861376953125, -1469.993580078125, -1597.86948046875, -1701.3460629882813, -1841.845234375, -1984.36870703125, -2096.6478828125, -2210.8983125, -2333.002466796875, -2454.7031875, -2576.9277880859377, -2733.3702900390626, -2858.220296875, -2983.0788515625, -3108.70698046875, -3236.942728515625, -3364.3645, -3483.9725087890624, -3746.0287626953127, -3783.46980859375], "correlations": [0.18069937980573203, 0.27352515493548485, -0.3947102211201496, 0.0943895734280404, -0.09753677368235503, 0.35648590552103976, 0.386569027465543, 0.34543869800939175, 0.07324835554949947, 0.02741937063917204, 0.009967686524552917, 0.034339073954478876, 0.03886807573140787, 0.041135648830075526, 0.04114152974541802, 0.044336743172619764, 0.0480087298921942, 0.051537851329287745, 0.05056169850844516, 0.054217362910190185, 0.0592426711798861, 0.06331427940686529, 0.071223331766454, 0.07925887525601644, 0.08405613925658684, 0.0898593150131104, 0.09528792122754365, 0.12742155771912117, 0.11669178835775149, 0.15280187916208815], "accuracies": [0.559, 0.622, 0.458, 0.458, 0.453, 0.671, 0.674, 0.652, 0.47, 0.459, 0.458, 0.459, 0.459, 0.459, 0.459, 0.459, 0.459, 0.459, 0.459, 0.459, 0.459, 0.459, 0.459, 0.459, 0.459, 0.459, 0.459, 0.46, 0.459, 0.46]}