{"epoch_losses": [-88.52533098888397, -315.7111373291016, -342.84515893554686, -563.4326748046875, -705.6506044921875, -691.293640625, -1188.4306689453124, -1192.7418745117188, -1241.2039047851563, -1509.9328720703124, -1814.6044521484375, -2115.1502841796873, -2592.7902373046877, -2396.1193388671877, -2617.490970703125, -2749.8214482421877, -2845.9118994140626, -2976.835818359375, -3291.7598037109374, -3561.94176953125, -3500.154296875, -3576.13146875, -3396.764951171875, -3116.848947265625, -3106.53051953125, -3219.497458984375, -3332.455822265625, -3301.844203125, -3505.776529296875, -3614.55525390625], "correlations": [-0.30031367302660145, 0.4401587147092516, 0.05840644950745455, -0.012349841847280794, -0.10464780458850813, -0.1555729031284089, -0.15905475767711427, 0.07950541586932272, 0.06190037883715633, 0.10162555695879615, 0.2747438517882495, 0.44720994461077024, 0.4000104504682568, 0.15896323046529653, 0.09213901568118187, 0.05461264894861897, 0.008081870387519188, 0.021062336044630352, 0.014521342145663215, 0.19769192095265492, 0.21322759545234138, 0.2345121372342581, 0.0985803072797974, 0.09318308956637351, 0.12643050870552933, 0.16264401755244629, 0.257974447392871, 0.3679029277245247, 0.4534121136631981, 0.526380835512273], "accuracies": [0.458, 0.69, 0.47, 0.466, 0.436, 0.436, 0.431, 0.54, 0.547, 0.569, 0.633, 0.72, 0.66, 0.564, 0.552, 0.546, 0.542, 0.542, 0.541, 0.542, 0.542, 0.542, 0.548, 0.548, 0.553, 0.561, 0.595, 0.648, 0.695, 0.739]}