{"epoch_losses": [-74.74989696311951, -244.52653961181642, -65.8354930419922, -11.551267822265626, -42.80315209960938, -112.67243896484375, -363.34882863616946, -735.7143954772949, -968.3726584472656, -976.5771401367188, -781.4057631835938, -816.4811083984375, -1046.1049365234376, -1134.7607548828125, -1253.91181640625, -1374.555806640625, -1780.1318681640626, -1871.3857900390626, -2070.98422265625, -2249.836595703125, -3148.3203935546876, -3228.289833984375, -3384.543326171875, -3495.06725, -3749.121216796875, -3907.174169921875, -4220.5733671875, -4354.038056640625, -4485.830911132813, -4648.47008203125], "correlations": [-0.2939132551208489, 0.18859708027366537, 0.40493222386816247, -0.04708563524138311, 0.07222997893369038, 0.2587088055976146, 0.2912379683935694, 0.12238275300339288, 0.22430193731044745, 0.06518510445225988, 0.19953761595944386, 0.18125754623736068, 0.18166691360679899, 0.18681058634436007, 0.23523703677335348, 0.2849017474908357, 0.20873954241590553, 0.05479663968981452, -0.04897352732100968, 0.07310021870674893, 0.0878462915400369, -0.04701352997076374, -0.04448661448920604, 0.0025837788678338518, 0.0586816999393191, 0.09971161679515411, 0.13644635431236946, 0.1699899502021595, 0.18961274024609748, 0.1902095761240785], "accuracies": [0.458, 0.565, 0.678, 0.542, 0.542, 0.542, 0.542, 0.459, 0.467, 0.478, 0.585, 0.573, 0.577, 0.581, 0.605, 0.63, 0.596, 0.494, 0.436, 0.488, 0.493, 0.444, 0.454, 0.476, 0.503, 0.515, 0.527, 0.548, 0.555, 0.556]}