{"epoch_losses": [-76.08460352134705, -337.00934814453126, -318.4968115234375, -264.13560546875, -528.9359543457032, -756.1310185546874, -350.39483984375, -54.8546201171875, -91.39244677734375, -153.91651708984375, -252.8877375488281, -391.296978515625, -560.4860931091308, -739.396947227478, -918.5055910568237, -1113.4111638183595, -1298.1701196289061, -1500.0973969726563, -1733.4918818359374, -1942.16893359375, -1921.4984990234375, -1930.142521484375, -1873.518951171875, -1987.5447880859374, -2054.951076171875, -2110.63818359375, -2322.577453125, -2326.750474609375, -2506.75432421875, -2582.812611328125], "correlations": [-0.5069242492525636, -0.06340766601304955, 0.04768236759484669, -0.2594644608095774, -0.014841147153252016, 0.19143032583423764, 0.06625569410075242, -0.0013183921395448436, -0.0587413139744662, -0.008355564778920308, -0.19552629461405235, -0.15805634447836628, -0.11844966779270431, -0.06439454295802115, -0.05846708712901806, -0.023303517119263855, 0.03277865765482117, -0.024171492747935012, -0.1053190989457922, -0.09181494833951803, -0.13349267348017957, -0.28050167961924877, -0.3741417802791796, -0.46361163724228327, -0.34976193123385796, -0.29550707843784385, -0.23908639895749678, -0.27717048398599275, -0.2805762428739061, -0.25491145671910276], "accuracies": [0.459, 0.449, 0.472, 0.435, 0.534, 0.592, 0.509, 0.458, 0.458, 0.458, 0.458, 0.458, 0.458, 0.458, 0.353, 0.529, 0.555, 0.53, 0.496, 0.529, 0.513, 0.456, 0.393, 0.304, 0.361, 0.394, 0.438, 0.405, 0.396, 0.408]}