{"epoch_losses": [-50.05938643836975, -88.11245812988281, -208.61113916015626, -192.6373347167969, -523.9905270996094, -763.5132270507812, -917.7368330078125, -1156.1189477539062, -962.7870455932617, -805.30421875, -1039.4494267578125, -1530.2447348632813, -2352.322189941406, -2733.1155546875, -2928.1141840820314, -3056.5526293945313, -3576.9061044921873, -3853.9400400390623, -3816.910818359375, -3759.2102890625, -4042.44358203125, -4299.100243164063, -4492.1954140625, -4255.998275390625, -4200.64125390625, -3951.3345400390626, -3676.816451171875, -3974.720193359375, -3771.65253125, -3835.2418359375], "correlations": [-0.2262372370917754, 0.24356832625047597, -0.161190150789283, 0.12710558014682066, 0.09854367443372301, -0.3522381367206415, -0.281379513342769, -0.244578536110315, 0.03274128407109292, -0.07199706828189194, -0.11623770284275704, -0.09686102420374963, -0.11893350206533722, -0.07345222174006578, -0.029440709143141158, 0.0005937862343447048, -0.0035319308985515873, -0.01616380274389196, 0.10329632064735453, 0.19031023488421828, 0.231809995666883, 0.11039133984892889, 0.06545557894937788, 0.21094141056439605, 0.2970098835526718, 0.3176125321216264, 0.27935804109706003, 0.24131805589939664, 0.21331767692825063, 0.20969104425357515], "accuracies": [0.541, 0.542, 0.446, 0.568, 0.566, 0.335, 0.367, 0.387, 0.517, 0.458, 0.458, 0.458, 0.44, 0.446, 0.455, 0.466, 0.467, 0.464, 0.529, 0.587, 0.604, 0.544, 0.521, 0.603, 0.645, 0.645, 0.623, 0.602, 0.592, 0.59]}