{"epoch_losses": [-111.6335180478096, -350.97253759765624, -618.2891291503906, -876.4587238769532, -1000.099515625, -1232.6119819335938, -1436.8553940429688, -1649.1213212890625, -1810.8485913085938, -2019.0868466796876, -2208.815431640625, -2417.99638671875, -2605.1333291015626, -2813.744068359375, -2922.2567470703125, -3378.947083984375, -3719.274265625, -3614.2863427734374, -3795.413931640625, -4129.609462890625, -4499.268806640625, -4701.421869140625, -4908.356587890625, -5156.18128515625, -5358.269345703125, -5557.31153125, -5806.230609375, -6014.071111328125, -6220.388501953125, -6426.340904296875], "correlations": [-0.41292734578615214, 0.28919121265258996, 0.43427157201254735, 0.45019188055212, 0.5317426520167869, 0.5067623703672481, 0.5035582932915651, 0.4932153706963574, 0.5006029150553204, 0.509311782493024, 0.504511319608192, 0.4992062074149164, 0.4975932137443917, 0.4786680137046584, 0.48889042331743504, 0.40404089925373815, 0.5266050256754744, 0.14627583995734397, 0.13750398530184094, 0.1964139318427827, 0.1809197930498568, 0.20248034906327506, 0.2159138276731362, 0.20884398114841873, 0.19872759737183657, 0.15319724437545498, 0.15119450450882865, 0.12932123485262928, 0.22005141256847094, 0.2943289283102325], "accuracies": [0.46, 0.493, 0.703, 0.661, 0.749, 0.739, 0.74, 0.734, 0.738, 0.743, 0.742, 0.738, 0.737, 0.726, 0.733, 0.674, 0.75, 0.57, 0.544, 0.543, 0.544, 0.544, 0.543, 0.543, 0.543, 0.545, 0.545, 0.55, 0.581, 0.61]}