{"epoch_losses": [-56.878102494239805, -202.4921818847656, -289.83849243164065, -497.40664501953125, -657.2584875488282, -926.0255092773438, -1008.8565825195312, -1092.0338251953126, -1357.1117084960938, -1550.5388930664062, -1658.3713876953125, -1801.6326899414062, -2095.7414697265626, -2264.1176083984374, -2397.1612490234374, -2779.0903193359377, -2902.3960322265625, -3048.8752705078123, -3223.98353515625, -3387.2648515625, -3547.235080078125, -3704.861359375, -3901.23352734375, -4058.752890625, -4214.051951171875, -4366.878263671875, -4517.4651640625, -4679.6706484375, -4887.478697265625, -4370.7523984375], "correlations": [-0.09086770016882165, 0.47102982733789706, 0.1964984963367347, 0.18228511133499695, 0.23633458767046292, 0.3461677337950355, 0.06883342567884872, -0.2037692458767453, 0.035341814810446334, 0.2709534914210974, 0.28486258142499504, 0.4822972531620902, 0.48055566970961705, 0.25364998002302236, 0.16552366724725323, 0.19670767168920125, 0.40498478640146723, 0.4770299507893497, 0.4581195257335743, 0.5308868500294333, 0.5489111598787809, 0.5487040242054887, 0.5488767470800117, 0.5491552424617593, 0.5492571547510317, 0.5493074021238028, 0.5496465422897291, 0.5514055893050364, 0.5618549245019591, 0.5461833444225637], "accuracies": [0.459, 0.72, 0.543, 0.543, 0.575, 0.628, 0.541, 0.41, 0.5, 0.615, 0.615, 0.704, 0.702, 0.583, 0.557, 0.566, 0.659, 0.714, 0.711, 0.742, 0.748, 0.748, 0.748, 0.748, 0.748, 0.748, 0.748, 0.748, 0.749, 0.753]}