{"epoch_losses": [-5.7727959289550785, -40.67178246688843, -128.30476049804687, -554.0043132324219, -704.0281887207032, -859.817935546875, -946.7963159179687, -1274.51902734375, -1463.6872094726561, -1686.718294921875, -1840.0447998046875, -1745.5213374023438, -2255.274944580078, -2448.1039228515624, -2640.2233940429687, -2650.5998310546875, -2998.27971484375, -3604.08730859375, -3397.5730439453123, -3929.4021181640624, -4032.1334892578125, -4340.059604492188, -4865.184331054687, -5323.137140625, -5524.83223046875, -5702.041391601562, -5906.4142421875, -5990.21916015625, -5953.202611328125, -6173.59364453125], "correlations": [0.21422461363941905, 0.025742507169329867, 0.24954139448484203, 0.029290456082786607, 0.22825718191549765, 0.5588100946271661, 0.6630614249188201, 0.5677402586098927, 0.6460534575445841, 0.6870258520203838, 0.4508765633106296, 0.5594843738522253, 0.536271111864934, 0.5535427532895675, 0.5457091207117247, 0.5472253227376639, 0.5062823285409964, 0.44231561151296916, 0.18232775557786418, 0.5364717644199505, 0.48176188223417726, 0.4681431430443447, 0.4945075556131799, 0.5239338838951548, 0.5941373129487765, 0.6064327834650357, 0.6133705425490132, 0.5699846956173038, 0.542815362468005, 0.5342723019464409], "accuracies": [0.459, 0.542, 0.458, 0.448, 0.61, 0.753, 0.812, 0.757, 0.788, 0.823, 0.57, 0.754, 0.74, 0.75, 0.745, 0.753, 0.728, 0.695, 0.57, 0.741, 0.708, 0.705, 0.722, 0.747, 0.778, 0.78, 0.78, 0.767, 0.757, 0.755]}