{"epoch_losses": [-4.179118968605995, -37.48240774536133, -28.062952911376954, -51.29257797241211, -42.950714233398436, -63.505118713378906, -82.32321789550781, -101.10648498535156, -100.33873937988281, -82.09374737548828, -27.17110205078125, -22.41178845214844, -25.62813244628906, -24.70158166503906, -14.041913513183594, -22.84818243408203, -22.010651489257814, -40.585009948730466, -53.44787927246094, -98.77419122314453, -72.36927490234375, -44.54300439453125, -37.12896704101563, 10.521542358398438, 19.08960888671875, 5.369966796875, -4.457189270019532, -4.425575073242188, -12.87396759033203, -35.58416711425781], "correlations": [0.24684823507667483, -0.42932195030444753, 0.05960653717439399, -0.3022197026112937, -0.3157655802663286, -0.30596108258642246, -0.34221616393035525, -0.28237722533259296, -0.030905544115438055, 0.13520315737556454, 0.1756794533722773, 0.17725571802949022, 0.14392418073661215, 0.13819587370334566, 0.11641674449723334, 0.10952789204054135, 0.12289606361962305, 0.1463102721304739, 0.1400453599008952, 0.09730519535966865, -0.10951840769696991, -0.10097989138957937, -0.34231401542276685, -0.43745693225127186, -0.5334565169476807, -0.5758093144641682, -0.6482032163761465, -0.5706636510189952, -0.5383998220075797, -0.5731067780524708], "accuracies": [0.46, 0.295, 0.552, 0.35, 0.345, 0.354, 0.334, 0.361, 0.489, 0.574, 0.599, 0.582, 0.566, 0.567, 0.569, 0.569, 0.574, 0.584, 0.588, 0.57, 0.463, 0.447, 0.372, 0.312, 0.253, 0.242, 0.206, 0.256, 0.257, 0.243], "f1s": [0.6137339055793991, 0.3292102759276879, 0.15789473684210525, 0.3890977443609023, 0.3996333638863428, 0.43233743409490333, 0.411660777385159, 0.42276422764227645, 0.4569606801275239, 0.47665847665847666, 0.4196816208393632, 0.22014925373134328, 0.1285140562248996, 0.13572854291417166, 0.15984405458089668, 0.18832391713747645, 0.22545454545454546, 0.2852233676975945, 0.36809815950920244, 0.3960674157303371, 0.38768529076396807, 0.6167706167706167, 0.5306427503736921, 0.44065040650406506, 0.3239819004524887, 0.2955390334572491, 0.279491833030853, 0.1824175824175824, 0.18261826182618263, 0.14074914869466515]}