{"epoch_losses": [-0.10850004100799561, -13.80660705780983, -49.505653442382815, -63.98085699462891, -69.80995416259766, -65.84944720458985, -57.11297430419922, -62.533540771484375, -68.2346685180664, -83.97192041015624, -1.5590386352539063, 0.4062742919921875, 0.3148251953125, 0.07488238525390625, -0.17456304931640626, -0.40528631591796876, -0.6405874633789063, -0.9089369506835937, -1.2223505859375, -1.5696203002929687, -2.0016566772460935, -2.5547019653320313, -3.1191759643554686, -3.9461976928710936, -4.913394287109375, -6.2766435546875, -7.846694091796875, -9.936234924316405, -13.070056213378907, -17.83723669433594], "correlations": [0.03283804407174721, -0.0011619101578929179, 0.17658311192736226, 0.1812154559645734, 0.19557379707015124, 0.20926803801283894, -0.027862164087254646, -0.00742810918868934, -0.05043859646276753, -0.03196718346645628, 0.3523466791382528, -0.030446256431541027, -0.09978643320711703, 0.11273153403869071, 0.2660895851751572, 0.30761319438706086, 0.36639249444869126, 0.38475003280884756, 0.3823602808123359, 0.3724320782778733, 0.3725375000477939, 0.35949007439937963, 0.3538205073021438, 0.35544039900178614, 0.34532288962411184, 0.3266985023543727, 0.30573189471503004, 0.29948933741636663, 0.30667373488372074, 0.30483977958663283], "accuracies": [0.457, 0.491, 0.559, 0.567, 0.575, 0.577, 0.462, 0.467, 0.448, 0.449, 0.542, 0.542, 0.542, 0.542, 0.542, 0.542, 0.542, 0.542, 0.542, 0.542, 0.542, 0.542, 0.542, 0.542, 0.542, 0.542, 0.542, 0.542, 0.542, 0.542], "f1s": [0.6273164035689773, 0.5623387790197765, 0.07547169811320754, 0.11451942740286299, 0.1650294695481336, 0.16568047337278108, 0.5905631659056316, 0.5965177895533686, 0.591715976331361, 0.5927568366592757, 0.0, 0.0, 0.0, 0.0, 0.0, 0.0, 0.0, 0.0, 0.0, 0.0, 0.0, 0.0, 0.0, 0.0, 0.0, 0.0, 0.0, 0.0, 0.0, 0.0]}