{"epoch_losses": [-0.527510956287384, -3.5582491993904113, -2.985276824951172, -2.0841864013671874, -8.204671180725098, -31.401022269010543, -45.159283172607424, -64.33958792114258, -57.311069396972655, -50.850832824707034, -9.337461791992187, 0.6045635986328125, 0.5854775390625, 0.24582403564453126, -0.0216884765625, -0.14552972412109375, -0.199692138671875, -0.2237646484375, -0.2414622802734375, -0.267248779296875, -0.294496337890625, -0.3354471435546875, -0.39118896484375, -0.4503408203125, -0.5102032470703125, -0.581951416015625, -0.6649599609375, -0.755579833984375, -0.8716429443359375, -0.975167724609375], "correlations": [0.31430599132394893, 0.203546221371297, -0.13713949549341317, 0.2560913938579737, 0.22430622741635098, 0.011591831686687447, 0.1243187514257907, 0.26799411281921753, 0.26064671009699725, 0.10596444038357328, 0.04848301795218449, -0.31157544397559034, -0.4013993203732001, -0.3405137707608043, -0.22263441156066524, -0.07531915676123878, 0.06780811014399357, 0.15025275611648561, 0.19147606772726883, 0.21700331987670463, 0.217864120077907, 0.2220858030657434, 0.22297737279759614, 0.23175016859459358, 0.22817943279029185, 0.2194981909463265, 0.21611445649257965, 0.20535501833870876, 0.20342106672358137, 0.19622170263802297], "accuracies": [0.569, 0.458, 0.527, 0.542, 0.542, 0.542, 0.572, 0.622, 0.601, 0.557, 0.549, 0.542, 0.542, 0.542, 0.542, 0.542, 0.542, 0.542, 0.542, 0.542, 0.542, 0.542, 0.542, 0.542, 0.542, 0.542, 0.542, 0.542, 0.542, 0.542], "f1s": [0.6702371843917369, 0.6282578875171467, 0.1657848324514991, 0.0, 0.0, 0.0, 0.17054263565891473, 0.38436482084690554, 0.2542056074766355, 0.07127882599580712, 0.03837953091684435, 0.0, 0.0, 0.0, 0.0, 0.0, 0.0, 0.0, 0.0, 0.0, 0.0, 0.0, 0.0, 0.0, 0.0, 0.0, 0.0, 0.0, 0.0, 0.0]}