{
    "epoch_losses": [
        -1.9061482062339783,
        -4.072280586242676,
        40.25995792388916,
        -3.6807776827812195,
        -12.405138790130616,
        -15.221643173217773,
        -16.00534713745117,
        -19.405780731201173,
        -24.943732330322266,
        -30.956041595458984,
        -26.273089294433593,
        -37.829456386566164,
        -45.03516418457031,
        -43.62255078125,
        -53.96880322265625,
        -63.74366796875,
        -48.949937072753904,
        -59.84062188720703,
        -68.5916177368164,
        -77.5722607421875,
        -85.2879692993164,
        -74.84284362792968,
        11.78087060546875,
        21.27565313720703,
        35.247350463867186,
        27.883904235839843,
        32.837871215820314,
        21.701677124023437,
        14.461891845703125,
        -2.165037353515625
    ],
    "correlations": [
        0.3397481490924457,
        -0.2940138510546396,
        0.10257393575526016,
        -0.45277785820000827,
        0.42809209454437397,
        0.42546645492707064,
        0.3373129015371864,
        -0.4136561373938854,
        -0.3115277028649223,
        -0.3723761464944751,
        -0.41774704656827566,
        -0.07868904036540147,
        -0.34382158739579877,
        -0.2715768429599993,
        -0.2132903143012654,
        -0.13722519178410347,
        -0.1320506806189266,
        -0.13198362732480862,
        -0.13442944160818476,
        -0.05627546189391333,
        0.15251183496175438,
        0.3653205597188464,
        -0.10568996238352929,
        -0.10167285761123267,
        -0.08784438978893687,
        -0.10936841214209195,
        -0.12988997243694478,
        -0.1278282715673837,
        -0.1222558104510295,
        -0.13098687184703675
    ],
    "accuracies": [
        0.652,
        0.403,
        0.542,
        0.264,
        0.571,
        0.692,
        0.642,
        0.293,
        0.344,
        0.332,
        0.331,
        0.455,
        0.367,
        0.395,
        0.421,
        0.447,
        0.449,
        0.449,
        0.447,
        0.453,
        0.512,
        0.63,
        0.449,
        0.457,
        0.45,
        0.446,
        0.445,
        0.448,
        0.45,
        0.449
    ],
    "f1s": [
        0.589622641509434,
        0.5664488017429193,
        0.0,
        0.2654690618762475,
        0.13682092555331993,
        0.6359338061465721,
        0.5149051490514905,
        0.2047244094488189,
        0.4235500878734622,
        0.463884430176565,
        0.4833976833976834,
        0.6254295532646048,
        0.5272591486183719,
        0.560639070442992,
        0.5884861407249466,
        0.6135569531795947,
        0.6181566181566182,
        0.6181566181566182,
        0.6162387231089521,
        0.6172148355493352,
        0.6352765321375187,
        0.6895973154362416,
        0.6192121630960609,
        0.6273164035689773,
        0.6191135734072022,
        0.6158113730929264,
        0.6153846153846154,
        0.6187845303867403,
        0.6206896551724138,
        0.6197377501725327
    ]
}