{"epoch_losses": [-0.3224367837905884, -24.983703155517578, -51.66013995361328, -56.574558532714846, -13.886190490722656, -0.2737602844238281, -0.6058922119140625, -1.2269490356445312, -3.2451310424804687, -5.7059726257324215, -2.2276005249023436, -2.2017432861328126, -2.906107849121094, -4.454205688476563, -7.699071716308594, -15.034266235351563, -54.44844573974609, -75.94828704833985, -109.19337509155274, -122.27866482543945, -150.03771047973632, -178.6858603515625, -188.263255859375, -199.21211694335938, -204.65509338378905, -204.01998059082032, -194.61331665039063, -200.28962939453126, -183.7760509033203, -147.0313911743164], "correlations": [-0.03971378466921312, -0.1817593731891584, 0.13308590811785917, 0.050810201624147386, 0.07443701412385399, -0.19056647028291854, 0.06214699672633573, 0.04477488439358143, 0.03033519282327775, 0.07619528374243856, 0.03828767396701924, -0.22250127770052197, -0.1622903406207999, -0.122556402415531, -0.08446163294627942, -0.06533748743879361, -0.044750152674377534, 0.16356209333478572, 0.1883504532494584, 0.19879758862890834, 0.43710624929905556, 0.060795962033908635, -0.0047117437446824815, -0.015260520183047235, 0.026168294965714933, 0.0425390620240877, 0.035723845429687144, 0.020730931208388412, 0.017231599875307896, 0.006893947629289321], "accuracies": [0.45, 0.392, 0.558, 0.545, 0.546, 0.542, 0.542, 0.542, 0.542, 0.542, 0.542, 0.542, 0.542, 0.542, 0.542, 0.542, 0.542, 0.544, 0.554, 0.552, 0.626, 0.548, 0.541, 0.54, 0.548, 0.551, 0.548, 0.544, 0.543, 0.544], "f1s": [0.6115819209039548, 0.4794520547945205, 0.06751054852320675, 0.013015184381778741, 0.021551724137931036, 0.0, 0.0, 0.0, 0.0, 0.0, 0.0, 0.0, 0.0, 0.0, 0.0, 0.0, 0.0, 0.012987012987012988, 0.06694560669456066, 0.05485232067510549, 0.34385964912280703, 0.08130081300813008, 0.0874751491053678, 0.0873015873015873, 0.1171875, 0.13152804642166344, 0.12403100775193798, 0.11284046692607004, 0.10916179337231968, 0.06172839506172839]}