{"epoch_losses": [1.9018462861776353, 0.040042433977127076, 0.7317967987060547, 1.1625723505020142, 0.18254553985595703, -0.020877197265625, -0.09122700500488282, -0.1854460906982422, -0.2909146728515625, -0.4843799743652344, -0.8157908630371093, -1.2922121429443358, -2.058143341064453, -3.2383115234375, -5.775758987426758, -12.362617525100708, -31.66027991294861, -61.959164443969726, -96.1863335571289, -110.84289389038086, -136.26543725585938, -144.68641320800782, -161.44878912353516, -144.96783068847657, -81.79160876464844, 10.45103076171875, 0.5014326171875, 0.5130118408203125, 0.4196513671875, 0.3646259765625], "correlations": [0.20805221172100338, 0.3496874914436589, 0.12196251506341192, -0.06452369040890014, -0.5926727543750473, -0.005289401570562931, -0.3264554234964103, -0.39979051690683937, -0.41847262907368166, -0.4234526805193065, -0.42365008352675054, -0.41670657876049766, -0.4100625392722092, -0.39864671525072065, -0.3260823945917409, -0.2500812285367313, -0.22466775759532687, -0.16620341636464114, -0.1266146153152163, 0.10979846512316997, 0.23864100948775563, 0.253796447771772, 0.23694376058233177, 0.23300417315055602, 0.15647382001107668, -0.12150660165787575, -0.0216500295148076, -0.2723400839876698, -0.31827246968374967, -0.3545656074336547], "accuracies": [0.547, 0.567, 0.553, 0.531, 0.269, 0.542, 0.542, 0.542, 0.542, 0.542, 0.542, 0.542, 0.542, 0.542, 0.542, 0.542, 0.505, 0.44, 0.458, 0.576, 0.619, 0.608, 0.6, 0.598, 0.586, 0.435, 0.455, 0.458, 0.458, 0.458], "f1s": [0.6326034063260341, 0.12525252525252525, 0.05894736842105263, 0.16399286987522282, 0.2517911975435005, 0.0, 0.0, 0.0, 0.0, 0.0, 0.0, 0.0, 0.0, 0.0, 0.0, 0.0, 0.23728813559322035, 0.4411177644710579, 0.2997416020671835, 0.39255014326647564, 0.4218512898330804, 0.32413793103448274, 0.2907801418439716, 0.2846975088967972, 0.4328767123287671, 0.5191489361702127, 0.6228373702422145, 0.6282578875171467, 0.6282578875171467, 0.6282578875171467]}