{"epoch_losses": [0.17868017864227295, -2.8608609313964846, -22.03980936431885, -58.877933959960934, -61.423251708984374, -77.97004910278321, -81.24998950195312, -80.79977783203125, -62.661697875976564, -79.40796466064454, -94.27310412597656, -102.11119006347656, -97.62533245849609, -101.10525305175781, -100.80391729736328, -89.64077575683594, -106.27146856689453, -115.60588970947266, -120.23867138671875, -120.24042028808594, -125.42307373046874, -141.85093139648438, -167.53854777526857, -188.69505975341798, -197.69195935058593, -186.8695831298828, -223.80756030273437, -240.0481728515625, -247.18500061035155, -252.46884741210937], "correlations": [-0.2510655733063686, -0.09109402102730522, -0.15407423384761615, 0.20669857157245766, 0.07680084332020946, 0.042238737824671344, 0.3131184475030905, 0.33856867974114907, 0.3144632135362257, 0.29041348299092096, 0.31782594849851237, 0.2835698364890777, 0.2721822689376952, 0.2653917168706926, 0.2547879786365581, 0.24972139193831766, 0.2516738936864676, 0.24233619329540965, 0.2708016272271072, 0.2882128497357801, 0.29944634806174164, 0.310958955769638, 0.32211537064162876, 0.35158954893510386, 0.3824225766794364, 0.3509274773535349, 0.3562286058762357, 0.3023382828189098, 0.3097604169160586, 0.3092178012328867], "accuracies": [0.544, 0.458, 0.458, 0.552, 0.546, 0.543, 0.628, 0.647, 0.638, 0.627, 0.634, 0.616, 0.612, 0.609, 0.607, 0.606, 0.607, 0.605, 0.613, 0.617, 0.625, 0.635, 0.638, 0.645, 0.655, 0.627, 0.633, 0.614, 0.613, 0.611], "f1s": [0.04602510460251046, 0.6282578875171467, 0.6282578875171467, 0.05084745762711865, 0.017316017316017316, 0.004357298474945534, 0.3586206896551724, 0.4297253634894992, 0.4161290322580645, 0.385502471169687, 0.3920265780730897, 0.32867132867132864, 0.3192982456140351, 0.31040564373897706, 0.3165217391304348, 0.32068965517241377, 0.3165217391304348, 0.32013769363166955, 0.3222416812609457, 0.33158813263525305, 0.36115843270868825, 0.4006568144499179, 0.4272151898734177, 0.41707717569786534, 0.4240400667779633, 0.3398230088495575, 0.3572679509632224, 0.2851851851851852, 0.287292817679558, 0.27289719626168224]}