{"epoch_losses": [-2.7652845395207404, -30.499555992126464, -40.452072479248045, -9.453831176757813, -0.3084336547851563, -0.6805282592773437, -1.3529857788085937, -2.223087951660156, -3.7193135375976563, -6.0537763671875, -9.515005462646485, -15.38101010131836, -20.567398895263672, -39.48972329711914, -92.0145175743103, -125.7828305053711, -144.04525952148438, -150.10660638427734, -171.2963754272461, -198.88273107910157, -210.12467938232422, -164.82204333496094, -125.07173059082031, -70.02425927734375, -98.19371484375, -101.51477099609374, -77.57705395507813, -98.44935375976563, -107.5713720703125, -113.80604553222656], "correlations": [-0.028797352327086218, 0.33255283831532306, -0.03309202564072496, -0.06766788823940659, 0.05880280670095087, -0.05820258361722433, 0.02131583415370249, 0.033381131622999285, -0.03076710027927232, -0.05947577060929765, 0.040757361236603395, 0.09091813362321631, 0.16313615977334858, 0.22072191767642846, 0.26848604704940393, 0.27832196439659873, 0.311573307007651, 0.31912742011527945, 0.33123204680766793, 0.3281158192584566, 0.32507024339784685, 0.3096804666854986, 0.27636579617211005, 0.26134513444338525, 0.2406883826064173, 0.2538982116239896, 0.24633424610426818, 0.22734046354678603, 0.22114657343310856, 0.21909845951869164], "accuracies": [0.536, 0.557, 0.459, 0.451, 0.458, 0.458, 0.458, 0.458, 0.458, 0.458, 0.458, 0.458, 0.458, 0.458, 0.445, 0.605, 0.622, 0.63, 0.637, 0.637, 0.635, 0.626, 0.606, 0.605, 0.599, 0.605, 0.605, 0.599, 0.594, 0.592], "f1s": [0.31563421828908556, 0.07515657620041753, 0.5929270127915726, 0.6109142452161588, 0.6282578875171467, 0.6282578875171467, 0.6282578875171467, 0.6282578875171467, 0.6282578875171467, 0.6282578875171467, 0.6282578875171467, 0.6282578875171467, 0.6282578875171467, 0.6282578875171467, 0.6105263157894737, 0.30335097001763667, 0.34146341463414637, 0.3707482993197279, 0.3899159663865546, 0.39195979899497485, 0.3844856661045531, 0.35517241379310344, 0.2783882783882784, 0.29590017825311943, 0.2826475849731664, 0.29590017825311943, 0.29590017825311943, 0.2877442273534636, 0.2644927536231884, 0.25274725274725274]}