{"epoch_losses": [-0.6061381843090058, -33.810927642822264, -50.02286865234375, -61.86168103027344, -77.85789083862305, -88.09069049072265, -96.27286474609375, -107.88981744384766, -116.80019525146484, -128.58746118164063, -137.3383846435547, -147.6609736328125, -156.20479473876952, -166.56968041992187, -170.91373138427736, -183.339248046875, -198.35156066894533, -209.0389649658203, -229.8054432373047, -243.5659189453125, -242.09995935058595, -245.23960400390624, -256.25747631835935, -276.28015283203126, -278.8839008789063, -290.4270089111328, -298.8996843261719, -310.6035245361328, -319.0514975585937, -327.51274328613283], "correlations": [-0.013037745464502875, -0.37810744453787526, -0.2963345067463232, -0.3152309663756686, -0.05030291751342481, 0.19112426402861582, 0.2264744966853023, 0.20318563114948696, 0.15392353747444285, 0.028407758271510514, 0.12754975651883055, -0.09332063921392288, -0.22473786881665428, -0.3021220478200292, -0.3077905252552295, -0.11208248638086396, 0.004963657488198019, 0.19382724710389235, 0.31759245937846337, 0.3535792439036503, 0.35451558964055185, 0.27128327410837466, 0.3619559601141837, 0.34877553670805245, 0.32949796659688946, 0.32132859514589407, 0.3206616962533469, 0.31253769520422514, 0.3009933901038513, 0.30022316621339706], "accuracies": [0.467, 0.458, 0.354, 0.348, 0.482, 0.596, 0.615, 0.605, 0.581, 0.524, 0.573, 0.465, 0.392, 0.352, 0.346, 0.454, 0.514, 0.601, 0.642, 0.65, 0.653, 0.634, 0.656, 0.649, 0.642, 0.64, 0.64, 0.636, 0.632, 0.631], "f1s": [0.5725741780272654, 0.6282578875171467, 0.4116575591985428, 0.3974121996303142, 0.3905882352941176, 0.4127906976744186, 0.44763271162123386, 0.43812233285917496, 0.4314789687924016, 0.40648379052369077, 0.43443708609271525, 0.3829296424452134, 0.38336713995943206, 0.38285714285714284, 0.39444444444444443, 0.40652173913043477, 0.41866028708133973, 0.42754662840746055, 0.4281150159744409, 0.4166666666666667, 0.4302134646962233, 0.4830508474576271, 0.4342105263157895, 0.4120603015075377, 0.39932885906040266, 0.3959731543624161, 0.3979933110367893, 0.38926174496644295, 0.38047138047138046, 0.3777403035413153]}