{"epoch_losses": [-0.03114233446121216, 0.08047005367279053, -10.421171424388886, -44.647325359344485, -43.324650802612304, -44.40182650756836, -48.77605715942383, -46.34711468505859, -52.413099853515625, -55.547762145996096, -52.67054510498047, -62.51681787109375, -69.88079650878906, -72.53505169677734, -89.27866180419922, -102.12600787353516, -107.28420587158203, -97.72468017578124, -95.71733642578126, -118.29986657714844, -96.62548864746094, -117.27286376953126, -34.38914099121094, 2.5787049560546875, -0.0847406005859375, -0.0552520751953125, -0.0227447509765625, 0.021481689453125, 0.068904052734375, 0.091904296875], "correlations": [0.12074683565308011, 0.2123758369905612, -0.26491719944360675, 0.17810747357272447, -0.058040340421893905, -0.22883586180039067, -0.4695586539799305, -0.13015467891265176, -0.05665210307181144, -0.04116199982321873, -0.027059235396537564, 0.002770727414420052, 0.0016886419979873198, -0.00029650549232637706, 0.04486705363062843, 0.05608846565813958, 0.06646470174615021, 0.07016748313563038, 0.07402046724799773, 0.17060206507281636, 0.25558548509593343, 0.4465723033350281, 0.5682460814619537, 0.08156977988170733, 0.1924731434385346, 0.2200124900883428, 0.2555281244069182, 0.29720804947957274, 0.30432003701115856, 0.29680010552456465], "accuracies": [0.473, 0.542, 0.583, 0.574, 0.556, 0.543, 0.542, 0.543, 0.544, 0.544, 0.544, 0.545, 0.545, 0.545, 0.549, 0.55, 0.551, 0.551, 0.551, 0.569, 0.6, 0.692, 0.778, 0.471, 0.458, 0.458, 0.458, 0.458, 0.458, 0.458], "f1s": [0.6291344123856439, 0.0, 0.19029126213592232, 0.1306122448979592, 0.06722689075630252, 0.004357298474945534, 0.0, 0.004357298474945534, 0.008695652173913044, 0.008695652173913044, 0.008695652173913044, 0.013015184381778741, 0.013015184381778741, 0.013015184381778741, 0.034261241970021415, 0.038461538461538464, 0.042643923240938165, 0.042643923240938165, 0.042643923240938165, 0.11860940695296524, 0.24242424242424243, 0.5217391304347826, 0.7266009852216748, 0.6298110566829951, 0.6282578875171467, 0.6282578875171467, 0.6282578875171467, 0.6282578875171467, 0.6282578875171467, 0.6282578875171467]}